iso-date,tmin,tavg,tmax,precip,globrad,wind,relhumid
-,°C,°C,°C,mm ,MJ m-2,m s-1,%
2019-01-01,3.4,6.3,8.3,0.919,1.545,5.5,85.3
2019-01-02,-1.9,1.4,3.5,0.074,2.132,5.0,67.8
2019-01-03,-3.2,-0.8,1.6,1.341,2.123,3.0,86.1
2019-01-04,-3.4,0.9,4.1,0.794,0.619,2.8,99.0
2019-01-05,2.1,5.0,6.8,0.199,1.397,3.2,97.7
2019-01-06,-0.8,1.3,2.4,0.0,1.394,1.5,93.9
2019-01-07,-1.3,1.7,4.6,5.338,1.024,1.9,99.5
2019-01-08,2.0,4.5,5.7,10.377,0.825,4.6,98.3
2019-01-09,0.7,2.2,3.2,3.947,0.79,4.8,99.5
2019-01-10,-2.4,0.7,2.9,0.447,1.999,3.0,93.8
2019-01-11,-1.1,1.3,5.1,0.993,0.761,2.6,99.2
2019-01-12,3.3,4.4,5.4,5.114,1.249,3.4,97.5
2019-01-13,4.7,5.8,7.4,9.608,0.788,4.2,97.9
2019-01-14,0.1,2.1,5.3,0.05,3.601,5.9,67.6
2019-01-15,0.1,3.3,6.2,3.401,0.828,5.0,92.9
2019-01-16,3.1,5.9,6.7,0.149,0.78,4.0,92.7
2019-01-17,1.6,4.1,6.8,6.703,2.702,3.7,85.3
2019-01-18,-1.7,0.1,2.2,0.149,5.212,3.1,85.9
2019-01-19,-5.7,-2.1,1.7,0.0,5.465,0.9,95.3
2019-01-20,-7.0,-5.0,-2.9,0.0,2.496,1.0,99.5
2019-01-21,-4.7,-3.8,-2.6,0.0,2.612,2.2,98.7
2019-01-22,-6.2,-3.4,0.4,0.0,5.629,2.5,88.9
2019-01-23,-7.3,-5.8,-3.5,0.0,1.641,3.5,93.1
2019-01-24,-6.4,-4.6,-3.5,0.0,1.38,2.4,83.9
2019-01-25,-4.9,-4.2,-3.1,0.72,2.495,1.5,88.9
2019-01-26,-3.5,-0.3,2.1,1.936,1.167,2.1,97.4
2019-01-27,1.7,3.3,5.2,2.085,2.036,3.1,99.5
2019-01-28,0.9,2.9,5.3,1.738,4.958,2.3,93.9
2019-01-29,-0.9,0.9,2.5,0.149,3.628,2.6,96.9
2019-01-30,-1.3,0.2,3.1,0.0,5.584,2.9,85.7
2019-01-31,-2.1,-0.4,3.1,0.0,4.586,1.8,93.8
2019-02-01,-4.6,-1.4,1.1,0.546,2.224,1.9,96.1
2019-02-02,-0.1,0.4,1.0,5.884,0.76,1.8,99.5
2019-02-03,0.4,0.9,1.5,0.993,0.851,2.5,99.5
2019-02-04,-1.5,0.2,2.9,0.074,4.701,2.9,99.0
2019-02-05,-0.8,1.4,3.5,0.0,1.989,2.7,84.9
2019-02-06,-0.1,2.5,5.6,0.0,6.266,2.9,86.0
2019-02-07,-2.0,1.2,4.7,0.0,4.06,3.1,82.4
2019-02-08,1.0,4.6,8.9,0.074,6.673,3.7,84.6
2019-02-09,3.4,6.7,11.0,0.919,5.355,4.8,72.7
2019-02-10,3.5,6.0,8.5,10.377,1.4,4.6,94.0
2019-02-11,1.3,4.2,6.9,0.298,4.004,5.2,81.3
2019-02-12,0.5,2.6,5.7,0.571,7.792,3.5,74.6
2019-02-13,1.3,5.5,7.8,0.074,1.223,2.9,99.0
2019-02-14,-0.3,6.0,10.1,0.0,4.717,1.9,91.6
2019-02-15,-3.0,3.4,12.6,0.0,9.713,1.1,77.6
2019-02-16,-0.8,5.9,15.8,0.0,9.798,1.8,67.2
2019-02-17,-2.2,3.9,12.7,0.0,8.647,0.7,83.7
2019-02-18,-1.3,5.1,14.4,0.0,9.757,1.2,79.3
2019-02-19,-0.5,5.9,9.6,0.72,4.736,2.9,80.2
2019-02-20,5.5,7.5,10.1,0.422,7.799,2.8,81.5
2019-02-21,5.2,7.1,9.9,4.469,3.811,2.6,94.4
2019-02-22,-2.9,2.4,8.2,0.149,10.591,3.1,69.0
2019-02-23,-5.7,-1.3,4.3,0.0,9.386,1.6,62.6
2019-02-24,-3.8,3.1,11.0,0.0,9.745,1.3,53.6
2019-02-25,-2.4,5.8,13.6,0.0,10.854,1.8,72.8
2019-02-26,-1.1,5.7,10.5,0.0,4.305,1.6,92.3
2019-02-27,-2.2,6.2,15.6,0.0,11.064,1.8,63.9
2019-02-28,3.0,7.6,11.9,0.0,10.398,3.1,70.3
2019-03-01,0.1,3.2,5.0,0.0,1.716,1.1,96.5
2019-03-02,0.1,2.9,5.4,0.323,3.32,1.5,85.7
2019-03-03,2.9,8.0,11.0,2.135,2.546,3.7,95.1
2019-03-04,5.5,9.4,14.7,2.185,4.316,4.9,80.1
2019-03-05,2.7,5.9,9.4,0.943,5.803,4.5,78.2
2019-03-06,-0.7,5.9,11.9,0.67,11.625,3.4,78.4
2019-03-07,6.9,10.2,16.9,0.0,6.745,4.3,71.0
2019-03-08,3.6,7.5,9.9,0.546,5.933,5.3,72.3
2019-03-09,3.5,6.6,11.1,11.097,5.863,4.7,86.5
2019-03-10,0.3,4.4,7.6,17.08,4.564,3.1,87.9
2019-03-11,0.9,2.3,5.0,6.976,4.15,3.6,97.4
2019-03-12,0.4,4.5,8.4,0.993,8.739,3.7,79.0
2019-03-13,4.4,7.1,9.2,2.855,8.612,5.3,60.7
2019-03-14,3.7,5.4,8.7,6.157,5.578,4.2,95.7
2019-03-15,5.0,6.9,9.7,3.724,5.712,5.0,86.9
2019-03-16,4.5,6.4,9.3,3.798,6.898,4.6,80.2
2019-03-17,3.8,8.3,13.3,0.77,6.71,4.1,82.7
2019-03-18,3.5,4.9,7.7,1.812,6.487,4.3,83.0
2019-03-19,-1.6,4.2,8.7,0.0,10.456,2.5,80.0
2019-03-20,-3.3,5.9,12.1,0.0,15.008,2.0,69.6
2019-03-21,4.2,9.3,11.6,0.0,4.506,1.9,93.1
2019-03-22,3.3,7.6,9.9,0.0,3.324,1.1,99.2
2019-03-23,2.0,9.5,17.8,0.0,15.676,2.2,83.9
2019-03-24,-0.3,5.7,11.1,0.0,13.189,1.1,75.3
2019-03-25,-0.8,3.4,8.4,4.791,9.734,2.6,92.6
2019-03-26,0.0,4.1,7.3,1.291,8.516,3.1,85.0
2019-03-27,1.4,6.2,9.4,0.447,6.095,2.3,94.2
2019-03-28,7.6,8.8,10.5,0.422,4.946,2.1,99.0
2019-03-29,3.9,9.3,11.9,0.0,5.955,1.4,88.5
2019-03-30,1.7,10.0,18.0,0.0,18.431,1.9,71.1
2019-03-31,0.6,7.3,12.5,0.0,11.566,2.2,69.1
2019-04-01,-3.7,4.3,11.1,0.0,21.039,2.3,58.5
2019-04-02,1.3,8.2,15.0,0.0,18.756,3.2,45.8
2019-04-03,3.8,12.2,19.1,0.0,16.53,2.2,59.1
2019-04-04,7.4,14.7,21.2,0.0,19.334,3.0,53.0
2019-04-05,5.9,12.6,18.1,0.0,17.963,1.7,76.1
2019-04-06,6.2,13.7,21.0,0.0,18.982,2.3,60.8
2019-04-07,4.5,12.0,19.1,0.0,20.215,1.7,60.8
2019-04-08,2.9,10.5,18.8,0.0,20.026,2.1,66.7
2019-04-09,2.4,6.0,10.6,0.0,19.364,2.9,72.3
2019-04-10,-1.1,3.8,9.1,0.0,14.915,2.1,64.5
2019-04-11,-1.8,2.4,5.0,0.0,9.612,2.6,73.2
2019-04-12,1.7,2.9,4.7,0.0,5.597,2.3,80.1
2019-04-13,1.7,4.4,7.3,2.334,10.368,2.8,64.9
2019-04-14,1.5,5.4,10.6,0.794,7.357,3.0,87.2
2019-04-15,0.7,6.8,12.9,0.0,22.869,2.3,59.0
2019-04-16,-0.4,8.1,15.4,0.0,22.927,2.3,54.3
2019-04-17,0.1,9.8,18.5,0.0,21.718,1.9,58.7
2019-04-18,2.2,12.2,20.9,0.0,22.795,1.9,58.5
2019-04-19,5.3,13.4,21.4,0.0,23.379,1.8,47.7
2019-04-20,3.1,12.0,20.2,0.0,22.967,1.6,55.9
2019-04-21,2.7,12.5,20.0,0.0,23.985,1.3,51.5
2019-04-22,3.0,11.6,17.4,0.0,24.54,3.5,59.5
2019-04-23,8.7,14.0,19.0,0.348,18.513,5.4,57.7
2019-04-24,12.6,16.7,22.6,0.074,22.554,4.2,67.4
2019-04-25,11.2,18.2,25.6,0.0,23.564,1.7,57.1
2019-04-26,10.4,18.6,27.1,3.947,20.456,2.3,64.8
2019-04-27,9.6,12.7,17.4,0.0,13.07,2.6,79.6
2019-04-28,8.6,10.4,12.8,2.234,8.032,2.6,86.6
2019-04-29,5.7,10.6,16.9,2.085,10.36,3.2,85.1
2019-04-30,4.4,10.4,17.3,0.894,25.097,2.6,63.2
2019-05-01,7.5,12.5,17.5,0.0,20.709,3.1,72.3
2019-05-02,6.4,9.9,12.6,0.0,7.982,4.0,84.5
2019-05-03,5.4,8.5,12.2,0.0,18.968,3.5,58.9
2019-05-04,-0.2,6.3,10.4,0.0,12.845,2.0,71.7
2019-05-05,-2.3,5.7,11.3,0.0,16.631,1.4,62.9
2019-05-06,1.9,7.9,13.2,0.223,17.89,2.6,63.1
2019-05-07,2.0,8.1,13.2,0.0,20.245,1.9,63.5
2019-05-08,0.0,11.7,18.3,2.036,21.127,3.3,51.7
2019-05-09,9.4,13.1,17.0,0.77,11.909,2.2,79.8
2019-05-10,7.0,11.7,16.6,5.089,12.147,1.7,88.0
2019-05-11,3.6,9.9,15.0,1.738,15.657,1.8,76.5
2019-05-12,7.2,11.1,16.3,0.0,24.544,2.4,58.6
2019-05-13,3.6,9.2,14.4,0.0,19.038,2.0,59.9
2019-05-14,3.1,8.2,13.2,0.0,20.129,3.0,62.9
2019-05-15,2.2,8.2,12.9,10.228,11.98,3.0,68.1
2019-05-16,6.6,9.2,11.7,14.573,3.598,1.9,99.6
2019-05-17,5.0,12.3,18.6,0.0,22.476,1.3,85.7
2019-05-18,8.8,16.7,24.6,0.0,26.558,2.0,68.8
2019-05-19,8.7,16.8,24.2,0.348,20.035,1.9,80.3
2019-05-20,12.6,17.3,23.4,7.696,15.717,1.9,88.6
2019-05-21,9.5,17.4,24.0,8.168,23.76,1.3,74.7
2019-05-22,11.0,12.9,16.2,4.841,3.593,2.9,99.6
2019-05-23,8.1,13.5,18.8,0.0,26.853,1.9,72.7
2019-05-24,6.2,15.9,23.2,0.0,24.647,1.6,58.8
2019-05-25,9.8,13.4,16.1,0.0,16.435,2.1,71.6
2019-05-26,7.1,15.6,21.7,0.0,21.691,2.7,62.5
2019-05-27,14.8,17.9,22.0,1.192,14.91,2.3,70.7
2019-05-28,8.6,15.1,18.6,0.05,14.254,1.7,78.4
2019-05-29,5.1,11.4,17.0,0.0,26.411,1.7,62.8
2019-05-30,2.3,15.0,22.7,0.0,29.147,2.0,52.1
2019-05-31,13.2,18.3,24.3,5.908,17.479,1.9,82.4
2019-06-01,13.4,20.7,27.5,0.0,26.908,1.8,68.5
2019-06-02,14.0,22.0,30.1,0.0,27.871,1.5,63.3
2019-06-03,15.8,25.4,33.2,0.0,28.432,2.7,50.5
2019-06-04,15.2,23.2,29.7,0.0,24.841,1.3,62.9
2019-06-05,15.4,25.5,31.8,0.0,27.907,2.3,52.7
2019-06-06,15.6,22.0,31.5,27.631,20.299,2.8,75.5
2019-06-07,14.1,19.3,25.1,0.0,28.818,1.8,71.6
2019-06-08,10.8,18.2,22.6,0.0,20.503,3.1,58.9
2019-06-09,9.2,18.6,24.9,0.0,27.608,1.6,52.6
2019-06-10,16.3,21.7,26.8,22.07,19.179,1.5,69.5
2019-06-11,16.6,23.2,29.1,0.0,26.281,1.9,80.6
2019-06-12,17.2,23.7,33.5,0.77,25.802,2.7,76.2
2019-06-13,14.8,19.3,24.0,0.074,24.214,1.4,69.7
2019-06-14,13.9,22.7,29.2,2.16,27.994,1.7,60.0
2019-06-15,19.3,25.4,32.7,0.372,26.034,3.7,63.8
2019-06-16,13.6,18.9,23.1,0.0,20.591,2.1,74.6
2019-06-17,11.6,19.8,26.0,0.0,24.932,1.1,65.5
2019-06-18,13.2,22.6,29.2,0.0,30.218,2.1,53.2
2019-06-19,14.2,23.2,30.7,0.149,21.399,1.2,62.6
2019-06-20,16.2,21.7,27.0,14.151,21.397,1.4,72.6
2019-06-21,16.0,20.2,25.0,0.0,23.11,1.9,72.6
2019-06-22,13.8,19.7,25.4,0.0,25.8,2.5,63.4
2019-06-23,12.7,20.4,27.0,0.0,28.437,2.2,56.4
2019-06-24,12.2,22.0,28.9,0.0,30.472,1.8,50.7
2019-06-25,14.5,25.4,33.6,0.0,29.298,1.9,55.4
2019-06-26,19.7,29.0,37.1,0.0,27.766,2.4,56.1
2019-06-27,14.4,20.3,25.5,0.0,30.445,2.8,62.0
2019-06-28,12.5,18.6,24.9,0.0,24.077,1.6,69.4
2019-06-29,10.2,21.4,30.4,0.0,29.442,1.2,55.3
2019-06-30,12.6,27.6,37.3,0.0,29.408,2.3,44.4
2019-07-01,17.3,22.6,27.9,0.0,19.078,2.2,53.1
2019-07-02,12.3,17.7,21.6,0.0,20.805,3.1,59.6
2019-07-03,9.1,15.0,20.1,0.0,20.993,2.3,64.2
2019-07-04,8.7,16.4,22.1,0.074,25.937,2.2,60.3
2019-07-05,15.9,18.0,20.4,0.0,10.643,2.8,69.0
2019-07-06,13.8,17.9,23.4,5.064,10.852,2.2,80.1
2019-07-07,10.7,14.8,18.7,0.0,16.034,2.8,65.7
2019-07-08,11.3,14.4,18.2,0.0,15.24,2.9,68.0
2019-07-09,11.4,15.2,20.3,0.372,20.411,2.6,67.2
2019-07-10,10.7,15.2,21.0,3.376,19.273,2.1,85.0
2019-07-11,7.5,17.6,25.2,4.742,27.327,1.0,61.6
2019-07-12,15.2,16.6,18.9,5.189,8.891,0.9,97.6
2019-07-13,12.7,18.5,24.5,4.047,19.077,1.5,76.8
2019-07-14,12.4,17.3,23.1,14.871,17.354,2.0,85.1
2019-07-15,14.3,15.8,16.7,0.223,8.012,2.0,81.0
2019-07-16,12.8,16.3,20.2,0.0,9.554,2.4,77.9
2019-07-17,11.1,17.1,22.2,0.0,22.036,1.4,73.2
2019-07-18,9.7,19.2,25.6,0.0,27.411,1.0,57.4
2019-07-19,13.0,19.4,25.7,2.706,14.353,1.3,73.2
2019-07-20,12.6,21.9,29.2,17.13,23.667,1.5,65.1
2019-07-21,15.7,20.5,26.5,0.0,21.512,2.0,75.9
2019-07-22,13.2,19.3,24.4,0.497,15.234,1.2,76.2
2019-07-23,16.6,22.8,29.6,0.0,23.293,1.5,71.8
2019-07-24,14.9,23.7,30.8,0.0,27.443,1.1,65.1
2019-07-25,15.9,24.5,32.0,0.0,26.75,1.7,61.0
2019-07-26,16.8,23.7,29.9,0.0,27.57,2.4,57.6
2019-07-27,16.6,22.4,27.4,0.0,25.394,2.7,61.2
2019-07-28,16.6,24.0,31.2,0.0,21.842,2.0,65.4
2019-07-29,20.9,25.1,32.2,26.985,16.396,1.3,74.7
2019-07-30,20.0,23.0,27.3,0.0,20.071,2.3,85.1
2019-07-31,15.8,19.7,23.3,10.973,12.252,1.4,90.8
2019-08-01,14.1,18.3,24.3,1.589,18.84,1.4,83.3
2019-08-02,12.6,17.1,23.0,13.455,19.062,1.0,84.3
2019-08-03,14.3,18.5,24.4,0.0,19.54,1.3,74.4
2019-08-04,11.9,18.7,24.3,0.0,22.781,1.8,75.1
2019-08-05,11.4,19.4,24.4,0.0,16.62,1.1,72.6
2019-08-06,14.7,20.4,28.3,2.259,18.457,1.4,83.0
2019-08-07,15.2,19.8,26.2,0.968,14.963,1.5,89.0
2019-08-08,13.8,20.1,26.4,0.0,19.03,1.9,66.5
2019-08-09,11.2,20.3,26.6,0.0,22.242,1.3,60.4
2019-08-10,19.5,23.2,27.0,0.0,15.819,2.5,60.6
2019-08-11,15.7,22.2,28.5,0.0,21.449,1.8,58.4
2019-08-12,15.2,19.9,23.2,0.0,13.786,1.7,67.7
2019-08-13,10.9,17.5,22.4,0.0,19.411,2.2,72.4
2019-08-14,8.0,14.8,21.4,0.0,19.389,1.6,68.2
2019-08-15,8.3,16.9,23.5,0.0,12.013,1.9,65.3
2019-08-16,12.3,17.8,22.7,0.0,14.551,2.0,78.4
2019-08-17,10.8,19.0,26.6,0.273,13.4,2.2,65.4
2019-08-18,17.3,19.9,26.6,4.915,10.392,1.8,89.5
2019-08-19,11.6,18.3,24.5,0.0,17.521,1.6,77.4
2019-08-20,9.0,18.1,24.7,4.493,14.279,1.0,69.3
2019-08-21,10.7,17.3,23.0,0.0,20.847,1.5,73.4
2019-08-22,8.8,17.5,25.4,0.0,21.828,1.2,66.1
2019-08-23,10.2,19.3,27.0,0.0,22.646,1.0,68.7
2019-08-24,11.0,20.8,28.5,0.0,20.442,1.7,61.3
2019-08-25,16.0,23.1,30.1,0.0,19.868,1.9,56.8
2019-08-26,16.2,23.0,31.8,0.497,14.981,1.3,71.8
2019-08-27,17.0,23.7,32.0,0.546,17.969,1.5,73.8
2019-08-28,18.2,25.4,32.8,0.0,16.696,1.6,69.4
2019-08-29,16.2,23.7,30.2,0.695,19.537,1.6,65.9
2019-08-30,18.0,23.2,29.1,0.0,17.715,1.4,73.4
2019-08-31,16.0,25.3,32.9,0.0,19.504,1.9,60.4
2019-09-01,17.5,24.1,31.1,0.0,17.878,2.6,66.1
2019-09-02,8.7,16.9,21.8,0.0,19.261,2.3,64.1
2019-09-03,5.4,14.6,20.8,0.0,9.466,1.9,66.8
2019-09-04,10.2,18.9,27.0,1.638,17.867,2.0,61.7
2019-09-05,12.8,17.0,22.3,0.223,15.002,2.8,67.1
2019-09-06,7.0,13.6,20.1,0.0,20.208,1.8,66.8
2019-09-07,5.2,12.2,16.8,0.0,6.26,1.0,76.6
2019-09-08,7.8,14.3,19.8,3.327,13.761,1.0,71.7
2019-09-09,12.1,13.3,14.3,12.711,2.259,1.9,99.6
2019-09-10,10.0,14.9,19.7,0.074,14.032,3.7,69.5
2019-09-11,5.9,14.8,22.6,0.05,18.356,1.9,63.3
2019-09-12,14.0,17.0,21.7,0.0,9.146,2.1,83.3
2019-09-13,8.7,16.2,22.6,0.447,9.908,2.5,81.7
2019-09-14,4.4,11.7,19.0,0.0,17.502,1.2,74.3
2019-09-15,5.3,15.4,23.4,0.05,14.202,2.7,62.5
2019-09-16,12.0,14.2,17.2,0.0,9.77,2.8,77.4
2019-09-17,6.2,11.3,15.7,4.121,8.017,3.9,88.0
2019-09-18,6.9,10.7,16.0,0.0,11.662,3.6,74.5
2019-09-19,4.5,10.2,16.4,0.0,14.229,2.0,76.5
2019-09-20,1.9,10.8,16.5,0.0,12.927,2.0,74.4
2019-09-21,6.7,13.5,20.6,0.0,16.172,1.4,72.1
2019-09-22,4.1,14.9,24.9,0.0,16.47,1.4,65.2
2019-09-23,6.2,14.9,23.2,0.0,14.131,1.9,70.3
2019-09-24,10.8,14.3,18.9,0.0,8.208,1.2,92.9
2019-09-25,11.8,14.9,18.4,5.511,5.154,0.9,90.1
2019-09-26,10.9,14.6,20.0,0.149,9.795,1.4,92.2
2019-09-27,11.4,14.6,17.0,15.491,2.829,1.9,99.7
2019-09-28,10.0,13.7,19.0,11.718,11.327,2.1,95.0
2019-09-29,12.0,14.3,15.8,5.685,5.149,3.1,95.3
2019-09-30,11.9,14.3,17.0,7.721,4.365,5.0,89.9
2019-10-01,10.4,13.6,16.6,11.395,3.75,2.9,98.2
2019-10-02,6.3,9.8,13.8,3.128,7.494,2.3,90.9
2019-10-03,6.3,8.8,11.8,0.968,5.401,2.3,99.0
2019-10-04,4.5,8.7,11.7,8.366,8.268,1.5,91.9
2019-10-05,5.1,7.6,9.5,5.561,4.306,2.7,99.1
2019-10-06,0.5,5.6,10.9,0.596,10.523,1.0,86.4
2019-10-07,-1.0,4.6,11.9,0.447,12.531,0.7,82.7
2019-10-08,2.2,8.6,12.1,1.638,2.041,2.6,98.1
2019-10-09,9.8,12.2,16.1,2.905,7.853,2.4,89.7
2019-10-10,8.8,10.7,14.4,1.192,8.286,2.5,91.6
2019-10-11,8.6,12.4,15.1,0.968,5.763,3.6,89.4
2019-10-12,12.2,16.0,19.8,2.185,9.141,3.3,77.8
2019-10-13,13.3,18.6,24.1,0.397,9.5,2.7,81.9
2019-10-14,12.9,17.9,22.3,2.78,10.476,1.7,82.7
2019-10-15,9.2,14.3,21.1,0.149,10.093,1.1,91.4
2019-10-16,7.8,11.0,13.8,2.607,1.756,2.6,99.6
2019-10-17,10.2,14.3,18.6,0.596,8.047,2.2,80.9
2019-10-18,9.2,14.3,19.6,2.16,7.646,2.4,89.0
2019-10-19,7.4,10.8,13.6,0.223,3.329,2.1,98.3
2019-10-20,9.4,13.4,20.0,0.074,8.672,1.4,89.2
2019-10-21,8.0,12.8,16.6,0.0,5.176,0.8,96.4
2019-10-22,7.4,11.5,17.1,0.0,7.213,0.8,91.8
2019-10-23,5.3,11.1,16.3,0.497,7.507,1.5,95.0
2019-10-24,10.6,12.6,14.8,0.0,2.626,2.1,99.4
2019-10-25,9.0,13.2,18.4,0.596,7.149,1.9,85.7
2019-10-26,10.1,14.1,18.0,0.0,7.533,3.3,78.1
2019-10-27,5.8,11.7,16.5,1.043,1.677,2.9,77.9
2019-10-28,3.9,7.3,12.0,0.645,6.325,2.1,89.1
2019-10-29,-0.7,4.5,8.5,0.05,4.799,1.4,97.0
2019-10-30,-2.8,1.2,7.8,2.383,7.13,0.5,89.7
2019-10-31,-4.2,0.1,6.8,2.582,7.67,0.5,87.9
2019-11-01,-4.9,0.5,5.8,1.887,7.221,2.2,93.5
2019-11-02,4.8,9.9,14.2,1.341,3.518,3.8,96.3
2019-11-03,6.5,10.0,11.9,3.575,2.001,2.2,99.1
2019-11-04,6.8,9.5,12.4,5.139,2.803,1.5,99.2
2019-11-05,7.3,9.0,10.9,0.745,3.282,1.8,97.0
2019-11-06,7.0,7.7,8.5,2.011,1.464,1.9,99.6
2019-11-07,5.6,7.4,10.9,0.149,3.829,1.7,96.2
2019-11-08,2.2,6.1,8.6,0.596,3.476,1.5,98.1
2019-11-09,4.3,6.9,8.0,0.298,0.852,1.7,99.6
2019-11-10,1.4,3.8,6.1,0.149,3.898,1.0,99.2
2019-11-11,0.6,2.7,6.2,0.0,4.467,2.2,97.3
2019-11-12,0.5,3.7,6.3,0.298,2.186,2.5,95.9
2019-11-13,2.2,4.5,6.2,0.0,1.739,2.0,98.2
2019-11-14,2.2,4.6,8.7,0.248,5.845,2.0,92.7
2019-11-15,3.4,6.5,8.7,3.972,1.698,3.0,98.1
2019-11-16,1.1,6.5,11.0,0.447,2.106,2.5,97.4
2019-11-17,-0.7,4.2,7.6,4.146,2.294,1.7,99.5
2019-11-18,3.8,7.7,10.8,0.447,0.953,2.2,97.2
2019-11-19,3.7,5.9,9.2,3.947,4.87,2.9,82.4
2019-11-20,4.6,5.1,5.8,0.074,0.674,1.3,99.6
2019-11-21,5.6,7.9,9.6,7.522,0.845,1.6,99.6
2019-11-22,6.0,8.5,10.9,0.074,2.765,2.0,98.2
2019-11-23,2.8,5.1,8.4,0.645,4.349,3.0,97.1
2019-11-24,2.2,3.7,5.5,1.043,2.14,2.3,99.4
2019-11-25,2.6,3.5,4.1,0.0,0.63,1.8,99.6
2019-11-26,3.8,5.6,6.8,0.0,1.096,2.3,98.3
2019-11-27,4.0,5.8,7.7,0.819,1.431,3.1,98.7
2019-11-28,7.0,9.5,12.6,1.465,3.593,4.6,83.2
2019-11-29,1.0,5.5,9.1,0.149,1.71,4.4,79.6
2019-11-30,-2.9,0.4,3.9,0.0,2.946,1.9,96.6
2019-12-01,-1.4,1.6,3.3,0.074,1.227,1.1,99.5
2019-12-02,1.6,2.9,4.3,2.135,1.291,3.0,95.9
2019-12-03,-3.1,0.8,5.2,1.092,1.655,1.9,99.3
2019-12-04,-0.5,3.8,6.2,0.298,2.882,2.2,94.0
2019-12-05,-2.6,0.3,4.0,0.943,4.088,2.3,89.5
2019-12-06,-1.6,1.5,4.7,2.234,1.305,4.0,93.6
2019-12-07,4.8,7.2,9.0,0.745,0.878,4.1,95.2
2019-12-08,7.0,8.5,10.5,0.521,1.673,4.2,81.4
2019-12-09,5.4,7.2,9.5,1.216,3.407,3.4,81.8
2019-12-10,-0.5,2.6,5.3,1.936,4.025,2.9,91.3
2019-12-11,-0.4,1.6,3.7,1.266,1.916,3.3,77.0
2019-12-12,0.0,2.0,3.8,0.0,1.121,2.5,97.3
2019-12-13,-1.7,0.5,2.6,0.298,3.077,2.4,95.8
2019-12-14,1.4,3.2,4.8,2.83,1.05,3.2,98.7
2019-12-15,1.5,5.1,8.6,2.234,1.472,3.8,85.4
2019-12-16,2.9,5.3,7.0,3.625,1.083,2.1,94.1
2019-12-17,2.8,7.0,11.5,0.05,1.696,2.8,84.9
2019-12-18,-1.2,6.6,10.4,0.074,1.758,2.1,81.8
2019-12-19,-1.1,3.6,7.4,0.223,2.484,1.4,99.5
2019-12-20,-0.7,5.0,10.2,6.43,3.362,1.5,97.1
2019-12-21,1.5,6.4,9.4,0.273,3.296,1.6,97.8
2019-12-22,-2.0,1.2,4.2,0.844,1.653,0.9,99.5
2019-12-23,3.6,5.9,7.6,0.348,0.997,2.1,97.9
2019-12-24,3.7,5.4,7.4,1.49,1.889,2.1,97.8
2019-12-25,4.3,5.0,5.8,0.968,1.702,2.3,99.6
2019-12-26,3.8,4.5,6.1,1.49,1.521,2.1,99.0
2019-12-27,0.6,2.5,3.8,0.149,1.11,2.0,99.3
2019-12-28,0.1,1.1,2.0,0.0,1.554,2.0,89.8
2019-12-29,-3.2,-0.2,2.1,0.0,3.641,1.9,84.5
2019-12-30,1.0,4.0,6.6,2.284,1.59,2.9,50.6
2019-12-31,3.5,5.7,7.2,2.135,2.266,4.0,72.5
2020-01-01,-1.8,2.1,4.3,0.0,2.017,2.3,96.2
2020-01-02,-4.1,0.4,6.4,0.074,5.037,1.7,78.3
2020-01-03,0.3,4.0,6.6,2.681,0.921,3.4,98.0
2020-01-04,1.7,3.8,5.0,4.022,0.659,4.5,94.5
2020-01-05,-0.9,1.1,3.4,1.812,3.831,2.4,94.5
2020-01-06,2.0,3.6,5.8,0.844,2.213,1.9,95.7
2020-01-07,-1.9,1.7,4.3,0.149,1.39,2.0,99.4
2020-01-08,2.3,5.4,8.2,1.862,0.75,3.1,98.5
2020-01-09,6.7,8.0,9.5,2.458,0.94,2.9,99.6
2020-01-10,5.6,9.1,10.7,2.532,2.207,3.2,96.8
2020-01-11,1.8,4.0,6.7,0.074,2.537,3.1,92.0
2020-01-12,0.3,3.0,5.9,0.0,3.779,3.6,86.0
2020-01-13,1.2,5.3,6.9,0.0,2.556,2.6,95.7
2020-01-14,0.8,6.0,10.1,0.0,2.498,4.2,78.1
2020-01-15,5.6,8.8,13.4,0.0,3.915,4.2,63.1
2020-01-16,1.8,5.9,10.3,0.0,4.923,1.9,82.9
2020-01-17,0.7,3.8,9.8,0.0,4.69,2.7,91.9
2020-01-18,1.5,4.7,6.7,0.0,3.235,2.2,89.7
2020-01-19,0.4,2.9,4.2,0.0,2.254,1.6,97.7
2020-01-20,-0.2,2.5,4.9,0.0,4.614,1.7,95.9
2020-01-21,-0.7,2.0,6.5,0.0,5.386,2.6,85.7
2020-01-22,2.5,4.2,5.9,0.0,0.81,2.8,92.7
2020-01-23,-0.1,3.4,6.4,0.099,2.944,1.4,87.8
2020-01-24,-3.2,-0.1,3.1,9.533,6.188,1.9,94.3
2020-01-25,-0.5,0.1,1.1,0.248,1.626,2.3,99.5
2020-01-26,-1.9,-0.9,0.1,2.383,0.85,1.8,99.5
2020-01-27,-0.3,4.3,9.2,0.298,4.265,2.7,91.5
2020-01-28,2.2,5.1,8.8,20.208,3.169,4.0,94.7
2020-01-29,1.7,4.0,6.1,3.178,2.281,4.5,85.3
2020-01-30,2.6,5.1,7.8,6.256,1.373,3.9,89.2
2020-01-31,4.8,9.2,11.2,0.745,3.401,4.4,80.7
2020-02-01,8.2,10.7,12.8,4.618,1.669,3.8,88.5
2020-02-02,5.2,6.8,8.4,5.362,0.952,3.4,87.2
2020-02-03,5.0,6.6,8.7,4.245,2.214,2.2,99.4
2020-02-04,3.0,4.9,6.6,0.968,3.46,3.7,90.7
2020-02-05,1.4,2.9,5.2,3.351,6.385,3.7,83.4
2020-02-06,1.6,4.1,6.0,2.607,2.741,3.5,92.2
2020-02-07,4.6,5.2,6.5,0.248,2.527,1.9,98.3
2020-02-08,0.8,4.2,8.6,0.0,7.549,2.8,87.6
2020-02-09,3.4,7.8,12.4,6.479,6.405,5.3,72.4
2020-02-10,3.6,7.0,13.6,7.895,1.984,5.4,84.6
2020-02-11,2.7,4.6,6.4,0.67,2.636,6.1,72.9
2020-02-12,3.2,4.4,6.5,1.415,2.855,5.6,62.2
2020-02-13,0.7,3.6,6.1,0.099,5.8,3.4,79.0
2020-02-14,0.4,3.5,5.0,1.465,2.07,1.2,99.5
2020-02-15,-0.3,4.7,10.4,3.674,6.979,3.3,85.9
2020-02-16,6.7,10.7,17.0,5.437,2.195,5.6,60.0
2020-02-17,7.1,9.8,17.0,0.149,4.051,4.5,60.2
2020-02-18,4.3,6.5,8.2,1.514,4.833,4.1,76.8
2020-02-19,2.7,4.5,6.1,13.033,2.923,3.6,91.8
2020-02-20,0.7,4.9,7.2,6.951,5.783,3.5,89.4
2020-02-21,3.9,5.6,7.5,0.869,5.162,4.6,77.2
2020-02-22,5.6,8.0,12.0,1.167,4.796,5.4,60.7
2020-02-23,3.9,6.3,7.9,9.285,1.718,3.9,88.2
2020-02-24,3.5,4.9,6.9,4.791,6.063,4.1,83.6
2020-02-25,3.4,7.8,10.0,1.688,5.586,3.7,78.5
2020-02-26,1.3,2.4,3.4,1.117,3.06,2.2,97.1
2020-02-27,0.4,2.6,5.3,0.447,4.922,2.3,91.5
2020-02-28,-0.5,2.7,7.2,1.192,7.074,2.6,82.1
2020-02-29,1.0,5.6,11.7,1.241,5.723,4.5,85.2
2020-03-01,2.4,6.3,10.6,1.142,7.031,3.6,80.3
2020-03-02,2.0,5.1,8.0,1.713,4.114,2.2,90.7
2020-03-03,2.4,3.9,6.3,3.426,2.083,2.2,98.4
2020-03-04,0.0,3.6,8.4,0.223,9.182,2.0,85.6
2020-03-05,-0.1,4.5,10.4,1.837,10.286,2.2,77.4
2020-03-06,2.7,4.9,7.1,6.604,2.119,1.9,95.7
2020-03-07,1.4,4.1,6.5,1.663,1.59,3.2,96.0
2020-03-08,-1.3,4.5,9.4,0.77,8.8,2.7,84.7
2020-03-09,4.2,5.9,8.6,2.061,3.414,1.7,98.1
2020-03-10,1.8,5.2,9.3,6.033,4.471,3.9,97.1
2020-03-11,6.2,9.5,13.1,0.968,11.876,4.0,75.1
2020-03-12,3.5,9.4,13.7,2.085,6.669,5.1,66.6
2020-03-13,2.6,5.9,8.7,0.67,6.127,4.7,69.4
2020-03-14,-2.5,2.5,7.2,0.0,16.114,1.6,66.6
2020-03-15,-2.4,4.1,10.5,0.223,14.294,3.8,54.0
2020-03-16,1.8,8.0,16.0,0.05,14.121,2.2,57.4
2020-03-17,0.2,7.8,15.7,0.0,11.28,1.4,74.7
2020-03-18,3.6,10.5,17.1,0.0,14.28,2.3,63.1
2020-03-19,6.8,9.3,14.0,0.0,8.196,1.9,84.9
2020-03-20,4.7,6.7,9.0,0.0,4.111,1.9,81.6
2020-03-21,-0.9,3.4,6.4,0.0,14.796,3.7,67.6
2020-03-22,-2.6,1.0,5.4,0.0,18.187,2.5,59.5
2020-03-23,-5.8,0.1,5.6,0.0,18.59,1.7,56.0
2020-03-24,-6.6,1.1,7.7,0.0,19.461,1.8,53.4
2020-03-25,-3.5,3.2,9.8,0.348,18.742,2.6,40.8
2020-03-26,-2.7,4.6,11.3,0.0,18.039,2.5,48.3
2020-03-27,2.0,8.3,15.0,0.0,17.243,1.9,54.0
2020-03-28,-0.2,6.9,13.8,0.0,17.198,2.2,66.0
2020-03-29,-2.7,2.7,5.3,0.0,4.745,3.6,80.6
2020-03-30,-4.3,0.1,4.3,0.0,13.085,2.5,72.9
2020-03-31,-3.8,0.7,4.2,0.0,13.666,2.0,68.1
2020-04-01,-2.3,3.6,9.6,0.0,17.859,2.9,53.8
2020-04-02,2.8,6.4,10.7,0.0,9.89,2.7,63.3
2020-04-03,-0.4,6.8,10.8,0.0,17.159,4.0,57.1
2020-04-04,0.3,6.3,12.0,0.0,18.61,1.3,61.3
2020-04-05,-2.3,7.9,16.0,0.0,21.665,2.6,55.1
2020-04-06,4.4,13.2,22.2,0.0,21.336,3.1,34.4
2020-04-07,4.2,12.7,19.4,0.0,20.198,2.1,54.7
2020-04-08,1.6,12.1,22.1,1.39,20.843,1.4,60.4
2020-04-09,2.7,10.9,18.4,0.0,18.664,2.6,64.4
2020-04-10,-1.0,8.3,15.4,0.0,21.825,1.6,57.0
2020-04-11,-1.0,7.6,14.6,0.0,22.159,1.0,62.0
2020-04-12,0.2,12.8,23.0,0.745,22.085,1.6,54.3
2020-04-13,0.7,7.1,10.1,0.0,12.421,3.2,65.4
2020-04-14,-0.2,5.6,10.5,0.0,19.55,3.6,56.7
2020-04-15,4.7,9.1,14.8,0.0,18.972,3.5,59.4
2020-04-16,4.0,11.6,17.6,0.0,22.217,2.6,55.7
2020-04-17,2.8,10.0,15.5,0.0,23.577,1.5,56.0
2020-04-18,2.0,9.7,16.1,0.0,25.055,2.1,38.1
2020-04-19,3.7,8.3,12.9,0.0,25.362,3.2,42.2
2020-04-20,0.7,8.8,14.9,0.0,25.589,2.9,51.8
2020-04-21,3.7,10.5,16.9,0.0,25.162,3.3,53.0
2020-04-22,3.5,11.4,18.3,0.0,25.372,2.2,60.6
2020-04-23,1.9,12.2,20.7,0.0,25.593,1.0,58.6
2020-04-24,3.5,13.6,21.8,3.029,21.368,2.4,51.6
2020-04-25,6.8,10.4,13.7,4.618,16.303,2.7,62.0
2020-04-26,0.7,10.1,17.4,0.099,21.243,1.1,60.1
2020-04-27,0.4,12.9,22.5,0.0,24.066,1.6,54.2
2020-04-28,5.0,15.3,23.6,5.511,21.93,2.0,55.6
2020-04-29,7.2,10.6,15.8,4.692,9.932,1.7,93.5
2020-04-30,8.6,13.6,18.7,0.919,14.244,2.2,79.4
2020-05-01,9.5,13.3,17.9,1.39,17.302,2.8,67.0
2020-05-02,6.6,9.9,15.0,1.043,14.981,2.2,88.5
2020-05-03,6.5,10.2,14.8,0.0,14.375,2.4,76.8
2020-05-04,4.5,8.9,13.0,1.043,9.757,1.4,89.3
2020-05-05,1.6,6.5,11.0,0.968,21.368,2.5,81.5
2020-05-06,4.7,10.8,16.5,0.0,24.503,2.9,60.4
2020-05-07,5.1,9.5,15.0,4.717,13.586,2.3,74.2
2020-05-08,3.2,13.1,20.7,0.05,27.168,1.7,57.2
2020-05-09,5.1,15.1,22.2,0.05,28.546,1.2,54.6
2020-05-10,7.1,17.0,24.3,0.149,18.545,1.6,65.5
2020-05-11,3.0,7.4,15.0,6.405,3.16,3.3,95.7
2020-05-12,-0.6,6.7,11.5,0.05,22.784,2.6,60.8
2020-05-13,4.5,8.7,13.4,0.0,16.616,1.5,66.0
2020-05-14,2.7,8.6,13.8,0.0,20.659,1.9,65.8
2020-05-15,-0.7,9.1,15.4,0.0,28.249,2.1,55.2
2020-05-16,7.1,11.4,15.6,0.0,18.479,2.8,55.5
2020-05-17,7.3,13.2,18.3,0.0,26.965,2.6,53.6
2020-05-18,10.8,15.6,21.4,1.589,17.962,2.3,56.6
2020-05-19,7.5,14.3,19.4,0.0,15.149,2.3,75.0
2020-05-20,7.1,13.7,19.0,3.972,28.482,1.8,58.2
2020-05-21,4.8,13.5,19.6,0.447,29.089,1.5,50.3
2020-05-22,4.8,15.7,22.6,2.458,23.246,2.3,46.6
2020-05-23,9.4,14.3,19.8,0.273,11.286,2.6,73.8
2020-05-24,7.5,11.5,17.0,3.724,16.759,2.4,84.8
2020-05-25,8.4,11.4,14.0,0.298,12.438,2.6,93.0
2020-05-26,6.3,12.9,19.2,0.0,25.884,1.7,71.0
2020-05-27,4.3,14.9,21.9,0.0,27.892,1.5,56.6
2020-05-28,9.2,14.4,19.7,0.0,25.707,2.9,63.6
2020-05-29,5.9,13.6,19.2,0.0,21.007,2.2,56.8
2020-05-30,5.7,12.9,17.4,0.0,22.756,2.8,58.3
2020-05-31,9.6,15.5,22.1,1.39,25.691,3.4,64.7
2020-06-01,6.9,16.3,23.3,0.099,31.155,2.8,53.7
2020-06-02,7.8,18.9,26.6,0.0,27.471,2.3,48.7
2020-06-03,9.1,16.8,23.6,0.497,30.287,1.5,52.0
2020-06-04,9.5,18.0,24.4,1.49,20.014,2.9,62.4
2020-06-05,12.5,14.8,18.4,0.149,15.442,2.7,73.3
2020-06-06,9.3,14.3,19.2,0.397,23.397,3.5,58.8
2020-06-07,6.2,14.2,18.8,1.018,11.251,1.7,82.6
2020-06-08,10.4,15.9,21.2,0.0,21.945,1.2,64.0
2020-06-09,10.6,17.1,22.2,15.243,17.65,2.0,58.5
2020-06-10,10.4,16.2,21.6,0.819,22.875,2.5,71.4
2020-06-11,14.1,17.3,21.4,0.0,9.495,1.7,93.9
2020-06-12,14.0,21.1,28.4,0.0,24.644,2.3,74.2
2020-06-13,17.2,21.9,32.8,6.479,18.196,2.2,84.4
2020-06-14,15.1,20.7,25.4,0.248,24.104,2.3,68.5
2020-06-15,12.2,18.7,24.0,0.447,29.124,1.7,60.6
2020-06-16,11.3,19.5,25.9,1.39,28.873,1.0,63.4
2020-06-17,12.5,21.8,28.0,6.703,26.765,1.3,56.2
2020-06-18,16.7,20.1,23.6,0.0,14.964,1.8,72.8
2020-06-19,15.6,17.5,19.7,0.298,9.579,2.1,92.1
2020-06-20,14.2,15.8,17.6,0.67,4.199,3.4,97.2
2020-06-21,14.3,16.1,17.8,7.075,4.215,1.8,99.2
2020-06-22,11.4,19.1,25.7,0.149,29.265,2.2,62.4
2020-06-23,11.8,17.9,23.1,0.0,30.701,2.0,60.9
2020-06-24,10.1,18.8,24.9,6.38,18.449,1.6,70.7
2020-06-25,18.0,22.0,27.1,0.0,24.017,2.3,71.5
2020-06-26,15.2,21.0,26.7,0.298,19.259,1.6,83.7
2020-06-27,14.6,23.3,30.9,1.688,26.459,1.5,63.4
2020-06-28,17.6,22.5,29.0,7.82,19.434,1.8,78.5
2020-06-29,14.5,18.6,23.9,0.0,19.669,1.3,69.6
2020-06-30,13.3,18.7,24.0,0.0,26.159,2.7,56.5
2020-07-01,15.9,19.0,23.1,3.302,11.277,2.0,81.5
2020-07-02,15.5,19.7,24.3,0.0,21.626,1.7,72.9
2020-07-03,15.0,18.9,23.1,0.248,21.893,2.2,67.6
2020-07-04,12.6,20.6,25.7,0.0,24.338,2.8,58.1
2020-07-05,18.7,22.4,27.9,4.841,18.87,3.2,70.1
2020-07-06,13.2,18.1,22.3,1.887,24.121,3.5,62.1
2020-07-07,11.2,15.8,20.2,0.372,21.996,2.9,61.7
2020-07-08,11.6,14.4,18.4,1.713,12.591,1.8,82.3
2020-07-09,12.7,16.3,20.0,5.586,8.423,1.8,93.2
2020-07-10,12.1,18.5,25.0,4.469,12.653,2.4,87.4
2020-07-11,9.4,14.8,20.6,2.234,22.356,1.8,68.6
2020-07-12,7.0,15.2,20.8,0.993,24.836,1.8,62.5
2020-07-13,10.7,17.5,23.8,0.0,26.896,1.1,63.2
2020-07-14,9.9,20.2,27.8,0.0,25.301,1.5,51.1
2020-07-15,13.2,17.0,22.1,8.093,12.451,1.8,83.0
2020-07-16,13.4,15.8,20.4,2.085,18.564,1.6,83.7
2020-07-17,10.3,16.1,21.5,0.0,14.038,1.3,83.7
2020-07-18,10.2,19.4,26.9,0.199,23.519,0.9,72.0
2020-07-19,15.1,21.8,30.5,14.597,24.256,1.2,72.7
2020-07-20,13.1,19.2,25.3,9.682,21.035,1.7,81.7
2020-07-21,10.5,16.8,22.3,0.0,22.273,1.7,61.9
2020-07-22,7.8,16.1,22.6,2.408,24.656,1.6,62.5
2020-07-23,10.8,16.8,22.7,0.099,20.55,1.2,66.2
2020-07-24,9.7,19.9,28.3,0.0,24.831,2.3,58.6
2020-07-25,10.8,19.3,25.4,0.0,20.076,1.1,69.7
2020-07-26,14.1,18.8,24.0,3.203,14.129,1.8,84.1
2020-07-27,11.9,19.7,26.3,0.0,19.486,1.3,70.8
2020-07-28,18.0,22.7,28.0,0.0,19.169,2.6,57.0
2020-07-29,12.4,18.4,23.2,1.291,19.177,2.5,57.9
2020-07-30,8.2,16.8,23.8,0.0,25.681,2.0,60.7
2020-07-31,9.2,18.7,26.3,0.0,28.511,1.8,59.6
2020-08-01,10.6,20.8,28.5,0.0,27.321,1.5,55.2
2020-08-02,18.2,20.5,27.1,1.787,10.147,1.4,74.8
2020-08-03,12.6,17.8,22.0,0.0,11.479,1.8,85.2
2020-08-04,9.7,16.7,22.8,0.0,17.95,1.6,70.9
2020-08-05,8.1,19.0,27.1,0.05,25.791,1.3,56.5
2020-08-06,11.7,22.0,29.7,0.0,27.271,1.5,52.5
2020-08-07,14.5,24.3,33.4,0.0,24.493,1.6,63.3
2020-08-08,16.1,26.3,35.2,0.0,23.083,1.1,58.1
2020-08-09,16.9,25.4,34.1,2.681,16.094,1.2,62.5
2020-08-10,18.1,23.8,31.7,0.819,17.107,1.4,70.3
2020-08-11,16.8,24.2,31.8,0.0,25.384,2.1,62.2
2020-08-12,15.4,22.9,30.5,0.0,26.069,1.9,55.4
2020-08-13,12.8,23.6,31.6,0.372,20.485,1.4,54.1
2020-08-14,17.4,20.7,25.1,1.117,7.441,1.1,80.8
2020-08-15,16.9,22.9,30.3,0.993,22.765,1.4,67.7
2020-08-16,14.3,23.3,30.1,0.0,25.331,1.8,51.3
2020-08-17,13.0,22.6,31.3,0.05,22.755,1.7,57.9
2020-08-18,15.8,19.4,22.0,1.192,7.511,1.9,91.1
2020-08-19,14.0,19.9,25.4,0.0,16.575,1.7,80.0
2020-08-20,11.9,22.2,30.6,0.0,19.783,1.5,64.3
2020-08-21,18.7,27.3,35.4,0.521,22.348,2.1,54.1
2020-08-22,17.2,22.3,25.6,4.891,9.079,2.0,88.9
2020-08-23,13.8,19.3,25.6,0.0,17.429,2.4,72.1
2020-08-24,12.9,18.1,23.5,0.248,17.226,2.3,71.1
2020-08-25,12.4,18.2,23.5,1.49,19.133,2.2,66.8
2020-08-26,14.1,16.7,21.3,14.846,6.61,3.4,89.8
2020-08-27,10.2,16.1,20.3,1.241,14.082,4.3,75.1
2020-08-28,9.7,16.4,22.9,0.223,9.717,1.8,82.8
2020-08-29,15.4,18.4,23.1,4.518,13.069,1.8,75.6
2020-08-30,13.9,17.3,22.6,20.556,9.279,1.3,86.4
2020-08-31,12.8,16.0,22.3,4.791,14.556,1.8,89.8
2020-09-01,8.5,13.5,18.6,0.77,12.074,1.5,81.3
2020-09-02,9.1,13.8,18.4,11.916,8.341,1.6,91.2
2020-09-03,13.2,17.3,22.6,1.862,18.655,2.5,71.5
2020-09-04,15.0,17.6,23.0,0.447,9.667,2.2,92.2
2020-09-05,11.1,15.7,17.5,0.819,5.417,1.6,92.8
2020-09-06,8.6,14.3,19.3,0.0,18.806,2.0,73.6
2020-09-07,7.8,13.5,20.2,0.0,17.044,1.8,77.9
2020-09-08,7.3,16.0,23.1,0.0,12.326,2.4,73.9
2020-09-09,14.1,19.5,25.8,0.521,11.994,2.4,78.5
2020-09-10,7.3,14.3,18.9,0.0,14.679,2.4,75.9
2020-09-11,6.0,14.2,21.7,0.0,17.705,1.1,70.7
2020-09-12,6.9,17.3,26.4,0.0,17.192,2.0,66.8
2020-09-13,8.5,17.1,23.9,0.0,16.016,1.8,72.7
2020-09-14,9.8,19.4,29.4,0.0,17.079,1.0,72.4
2020-09-15,11.7,21.2,30.7,0.0,16.666,1.6,71.7
2020-09-16,13.8,21.7,29.9,0.0,16.202,2.1,67.2
2020-09-17,5.3,13.9,18.1,0.0,17.557,2.6,68.0
2020-09-18,1.8,10.3,19.1,0.0,18.184,0.7,71.2
2020-09-19,2.9,12.2,20.5,0.0,15.634,1.4,63.8
2020-09-20,4.8,13.7,22.5,0.248,16.66,1.5,66.2
2020-09-21,5.6,14.3,24.0,2.979,16.9,1.1,72.5
2020-09-22,7.1,16.6,26.1,17.428,15.807,1.4,74.2
2020-09-23,12.4,19.2,27.4,0.199,13.106,1.3,73.2
2020-09-24,9.8,16.8,22.8,0.372,10.174,1.9,78.6
2020-09-25,9.1,12.7,15.1,6.107,2.907,1.2,99.4
2020-09-26,8.9,10.4,11.4,36.494,1.328,2.8,99.3
2020-09-27,7.0,9.4,11.6,2.358,5.111,1.4,95.1
2020-09-28,7.0,12.8,17.9,0.074,14.039,1.6,79.2
2020-09-29,8.1,13.0,17.7,0.894,8.753,1.1,86.8
2020-09-30,4.7,11.1,18.0,0.0,10.692,0.6,93.1
2020-10-01,7.3,11.4,14.3,0.323,3.731,0.8,99.6
2020-10-02,12.1,13.6,15.7,0.248,3.612,2.3,98.2
2020-10-03,12.3,16.2,21.8,3.525,12.258,2.6,89.8
2020-10-04,6.8,13.6,19.1,2.135,10.222,1.7,84.1
2020-10-05,6.0,11.1,17.1,0.943,7.617,1.8,95.0
2020-10-06,8.6,12.5,15.7,0.0,6.956,3.3,87.2
2020-10-07,9.4,12.3,16.0,2.83,6.551,2.0,95.2
2020-10-08,7.6,12.0,15.1,2.979,7.459,3.2,90.7
2020-10-09,10.5,13.0,15.6,6.827,6.463,2.1,94.6
2020-10-10,5.5,10.4,12.4,9.483,5.638,1.9,90.4
2020-10-11,2.0,6.3,10.4,0.546,6.423,1.6,92.7
2020-10-12,2.1,7.0,11.8,2.557,5.954,1.5,94.6
2020-10-13,-0.4,6.8,11.4,3.327,6.1,1.7,94.5
2020-10-14,9.0,9.7,10.5,11.147,1.231,4.3,97.8
2020-10-15,9.8,10.3,11.4,0.298,2.603,3.0,99.6
2020-10-16,8.0,9.0,11.0,1.291,3.483,2.2,97.8
2020-10-17,6.6,8.5,10.6,0.968,7.736,1.4,90.3
2020-10-18,5.9,7.6,9.6,0.074,2.774,2.6,98.3
2020-10-19,4.4,7.8,11.6,9.632,5.471,1.5,92.9
2020-10-20,3.8,8.1,11.8,0.745,5.456,2.9,90.1
2020-10-21,9.6,11.8,14.5,0.0,3.258,3.1,86.2
2020-10-22,12.9,15.5,19.7,0.248,5.995,2.6,78.4
2020-10-23,9.4,13.6,16.4,15.268,3.381,1.4,97.2
2020-10-24,9.6,12.6,16.4,1.564,6.271,2.1,93.3
2020-10-25,8.2,11.6,17.1,0.447,7.972,2.7,88.0
2020-10-26,9.0,10.8,14.0,4.717,3.007,1.6,97.9
2020-10-27,7.4,9.6,12.5,0.124,4.663,2.7,86.7
2020-10-28,7.3,9.2,13.0,3.773,3.668,3.2,90.4
2020-10-29,7.2,9.3,12.2,3.203,5.573,2.8,89.8
2020-10-30,6.0,10.4,13.5,7.746,1.531,2.7,99.5
2020-10-31,12.9,13.7,15.4,0.447,2.772,1.8,99.5
2020-11-01,9.6,11.9,13.4,2.458,1.859,2.6,99.7
2020-11-02,13.1,16.0,19.4,2.234,3.703,2.9,96.2
2020-11-03,8.5,12.1,16.8,0.0,7.343,2.1,84.4
2020-11-04,1.7,7.8,11.1,0.0,5.65,1.8,84.3
2020-11-05,1.3,6.3,10.8,0.0,5.93,2.1,91.1
2020-11-06,8.0,8.9,9.8,0.0,1.548,2.2,99.2
2020-11-07,1.8,7.6,12.2,0.074,6.758,1.7,91.3
2020-11-08,1.1,3.3,5.1,0.0,2.534,1.4,99.6
2020-11-09,4.9,5.4,6.0,0.074,0.907,2.4,99.6
2020-11-10,4.5,5.0,5.5,0.372,0.643,2.5,99.6
2020-11-11,5.0,5.4,6.0,0.248,0.813,1.4,99.3
2020-11-12,5.4,6.7,8.9,0.05,2.447,2.3,95.3
2020-11-13,3.4,6.9,11.2,0.67,3.771,1.6,97.2
2020-11-14,6.3,10.3,14.2,0.074,3.2,1.6,98.6
2020-11-15,6.2,9.3,14.7,0.67,4.861,3.5,89.3
2020-11-16,6.1,9.0,12.8,0.074,3.01,2.7,94.4
2020-11-17,8.3,9.9,11.1,1.018,2.7,2.7,96.5
2020-11-18,7.2,10.3,12.8,0.67,2.295,2.6,92.2
2020-11-19,4.5,8.9,11.5,0.372,1.703,4.0,79.7
2020-11-20,-2.4,2.8,5.8,0.0,5.595,2.6,94.2
2020-11-21,-1.6,3.2,6.1,0.223,3.752,3.4,82.1
2020-11-22,5.8,7.0,10.0,1.365,1.924,3.0,88.5
2020-11-23,4.0,5.9,8.3,0.0,4.592,2.6,93.1
2020-11-24,-0.5,2.2,6.2,0.0,4.387,1.9,97.5
2020-11-25,-3.2,-0.8,2.0,0.05,1.384,1.6,99.6
2020-11-26,-1.6,2.3,5.7,0.223,0.992,1.8,99.5
2020-11-27,3.6,5.0,5.9,0.0,1.564,0.8,97.9
2020-11-28,-0.8,2.9,5.6,0.298,2.094,0.8,91.2
2020-11-29,0.9,3.0,4.8,0.0,2.011,2.2,93.3
2020-11-30,-2.0,0.6,1.8,0.149,1.018,1.8,95.0
2020-12-01,-0.3,1.8,3.4,0.0,1.557,2.0,91.5
2020-12-02,-2.4,-0.7,1.8,0.0,1.946,1.5,98.6
2020-12-03,-2.7,-1.3,0.2,0.0,1.007,3.3,95.8
2020-12-04,-2.7,0.3,3.8,0.149,2.016,2.1,94.7
2020-12-05,-1.1,2.3,8.6,0.0,3.262,1.7,92.0
2020-12-06,0.6,7.2,11.6,0.149,2.666,2.7,86.1
2020-12-07,5.0,6.0,8.1,0.0,0.423,2.5,92.0
2020-12-08,0.6,3.1,5.0,0.273,2.874,2.3,98.2
2020-12-09,-0.5,0.9,1.7,0.074,0.787,2.9,99.5
2020-12-10,-1.4,-1.1,-0.5,0.0,0.365,2.5,99.5
2020-12-11,-1.6,-0.8,0.6,0.0,0.749,2.7,99.5
2020-12-12,-0.3,1.4,2.5,0.447,1.182,2.2,99.3
2020-12-13,1.6,2.2,3.0,0.472,0.689,0.9,99.5
2020-12-14,2.5,4.3,7.1,0.0,2.715,2.3,98.5
2020-12-15,2.1,4.7,6.7,0.0,1.48,2.6,90.8
2020-12-16,4.5,6.9,8.2,0.199,0.999,1.5,99.5
2020-12-17,1.5,4.5,6.3,2.259,2.503,2.5,95.4
2020-12-18,0.3,4.0,7.3,2.582,3.64,1.9,98.4
2020-12-19,-0.1,1.8,6.2,2.383,3.868,2.4,97.9
2020-12-20,-0.4,2.0,4.9,1.589,2.902,2.4,95.5
2020-12-21,1.7,3.4,6.4,3.227,2.341,2.4,98.9
2020-12-22,3.7,8.4,12.7,4.618,0.917,4.2,96.5
2020-12-23,4.1,6.6,9.6,4.32,1.201,1.6,95.4
2020-12-24,3.2,6.8,10.5,2.185,1.298,3.4,95.3
2020-12-25,1.2,2.2,3.6,0.447,1.155,2.6,96.3
2020-12-26,-0.4,0.8,1.5,0.074,2.128,3.1,94.7
2020-12-27,0.2,1.1,2.0,0.0,2.094,5.8,63.7
2020-12-28,0.8,2.0,3.8,0.794,1.767,2.5,89.3
2020-12-29,-0.4,1.9,4.4,0.099,2.704,2.3,97.9
2020-12-30,-1.6,1.6,5.1,5.586,4.02,2.1,93.6
2020-12-31,-0.2,1.6,4.7,0.099,3.289,2.1,92.4
2021-01-01,-0.3,0.4,1.2,2.061,0.974,1.5,99.4
2021-01-02,-2.7,-1.4,0.9,1.291,2.334,1.7,99.5
2021-01-03,-2.0,-0.5,0.3,24.13,0.692,3.2,99.5
2021-01-04,0.1,0.2,0.3,0.472,0.828,2.4,99.5
2021-01-05,0.1,0.9,2.6,6.877,0.851,2.6,99.5
2021-01-06,0.1,1.0,2.6,0.546,1.74,1.7,99.5
2021-01-07,0.2,0.6,0.9,0.149,0.713,2.1,99.5
2021-01-08,-0.1,0.4,1.1,0.05,1.163,1.6,99.5
2021-01-09,0.0,0.8,1.6,0.67,1.197,1.4,99.5
2021-01-10,-1.7,0.2,1.3,0.348,1.918,2.0,98.3
2021-01-11,-1.6,-0.2,0.9,1.291,1.364,3.6,96.2
2021-01-12,0.2,0.8,1.9,5.015,1.036,3.7,97.8
2021-01-13,-0.3,1.3,3.0,5.288,1.211,3.8,99.2
2021-01-14,-0.9,0.4,1.5,0.273,3.053,2.6,99.5
2021-01-15,-4.1,-0.9,0.9,0.298,1.937,3.2,94.8
2021-01-16,-4.7,-2.6,-1.0,0.074,2.46,2.6,92.4
2021-01-17,-8.4,-3.7,-2.1,0.0,1.882,1.4,98.3
2021-01-18,-9.0,-3.8,1.7,3.873,1.413,2.0,99.5
2021-01-19,0.4,1.8,4.0,5.66,1.421,3.2,99.5
2021-01-20,3.0,5.4,8.4,0.074,3.082,3.6,85.7
2021-01-21,3.1,7.4,12.1,0.124,3.842,4.3,69.2
2021-01-22,0.5,6.4,9.2,0.0,1.602,3.4,83.8
2021-01-23,-0.4,0.7,2.2,12.165,0.68,1.6,99.5
2021-01-24,-0.6,0.3,0.8,1.39,1.392,1.1,99.5
2021-01-25,-0.7,0.8,1.8,0.223,1.677,1.6,99.3
2021-01-26,-1.6,0.5,2.4,0.323,5.404,2.4,96.3
2021-01-27,-1.0,0.9,4.3,0.993,3.433,2.1,94.7
2021-01-28,-2.3,0.8,2.7,0.844,3.008,2.2,94.4
2021-01-29,-4.6,-1.9,-0.8,3.773,3.024,1.6,95.3
2021-01-30,-7.2,-2.5,0.8,0.05,4.444,1.7,95.3
2021-01-31,-10.7,-6.1,-0.5,0.0,6.897,1.4,94.2
2021-02-01,-11.6,-5.0,1.3,0.149,6.226,2.2,73.3
2021-02-02,-2.3,0.3,1.9,3.302,2.429,1.7,97.1
2021-02-03,0.4,1.8,3.8,15.342,2.229,1.1,99.5
2021-02-04,-0.6,0.3,2.2,0.77,1.66,2.2,99.2
2021-02-05,-1.5,-0.4,1.0,0.348,2.458,2.8,84.8
2021-02-06,-4.9,-2.6,-1.4,0.0,2.77,4.7,74.4
2021-02-07,-7.4,-6.3,-4.8,0.074,1.787,6.4,62.6
2021-02-08,-10.4,-9.6,-7.0,7.199,2.011,4.1,83.9
2021-02-09,-10.4,-9.1,-7.8,0.993,3.742,1.1,94.8
2021-02-10,-15.0,-9.2,-6.0,0.074,6.704,0.9,87.8
2021-02-11,-13.9,-6.5,-2.2,0.074,8.472,1.3,85.0
2021-02-12,-9.0,-6.1,-2.6,0.0,11.191,1.8,87.0
2021-02-13,-10.8,-5.5,-1.7,0.0,4.951,2.1,89.9
2021-02-14,-14.6,-7.7,-3.4,0.0,4.783,1.4,98.7
2021-02-15,-15.4,-6.9,0.2,6.256,6.559,2.0,79.7
2021-02-16,-2.8,0.5,3.0,0.546,4.236,1.8,99.6
2021-02-17,1.1,4.0,6.1,1.216,1.895,2.6,99.6
2021-02-18,0.9,5.1,10.1,3.625,7.773,2.0,94.2
2021-02-19,-1.6,4.6,8.9,0.0,5.568,2.5,92.0
2021-02-20,-1.8,4.4,12.1,0.0,7.668,2.1,88.2
2021-02-21,2.6,7.3,15.2,0.0,10.287,2.5,82.6
2021-02-22,-0.5,4.7,12.5,0.0,10.751,1.7,87.5
2021-02-23,1.3,8.5,17.3,0.0,7.731,1.6,80.0
2021-02-24,3.5,10.5,18.9,0.0,9.094,1.6,83.4
2021-02-25,3.0,10.8,19.0,4.196,9.991,1.7,76.0
2021-02-26,3.7,6.4,8.3,1.167,3.494,1.9,95.4
2021-02-27,2.0,5.5,8.5,0.0,6.598,3.0,90.6
2021-02-28,0.0,2.1,4.0,0.0,2.539,1.9,99.5
2021-03-01,-1.5,4.0,9.0,0.0,8.916,1.4,90.1
2021-03-02,-3.5,3.1,13.0,0.0,12.669,0.7,85.0
2021-03-03,-3.0,5.7,14.2,0.0,12.203,1.5,77.9
2021-03-04,1.9,3.8,8.1,0.05,1.802,2.5,95.1
2021-03-05,-3.8,0.9,5.1,0.0,12.105,2.0,77.4
2021-03-06,-5.6,0.4,4.3,0.0,8.613,2.1,89.1
2021-03-07,1.9,2.8,4.2,0.0,3.811,3.9,81.5
2021-03-08,-3.8,1.0,5.1,0.0,15.337,1.5,68.2
2021-03-09,-6.0,-0.7,6.2,0.0,14.147,1.0,72.7
2021-03-10,-6.6,0.5,7.5,1.216,15.585,1.5,57.9
2021-03-11,0.3,5.1,10.9,6.231,4.322,4.7,92.1
2021-03-12,4.3,7.0,10.4,1.068,11.159,4.5,73.6
2021-03-13,4.0,5.5,9.6,11.122,5.04,4.5,94.5
2021-03-14,3.1,4.8,7.7,2.731,6.351,4.3,90.0
2021-03-15,3.0,4.7,8.6,7.249,7.863,2.7,92.0
2021-03-16,1.9,3.8,5.9,0.348,3.811,2.7,92.2
2021-03-17,-0.6,2.6,6.1,2.632,6.3,2.0,96.1
2021-03-18,-2.5,0.7,5.3,6.008,7.116,1.2,96.9
2021-03-19,-2.8,0.1,3.2,0.695,10.071,2.7,88.2
2021-03-20,-3.4,0.5,3.6,0.397,10.481,2.6,64.3
2021-03-21,-0.5,4.1,8.9,2.185,6.46,3.4,81.1
2021-03-22,-2.2,4.1,9.1,0.149,15.728,1.7,61.0
2021-03-23,4.1,5.6,7.8,0.074,4.857,2.5,90.5
2021-03-24,1.6,6.6,11.7,0.0,9.993,1.5,84.5
2021-03-25,-0.4,7.6,14.8,0.0,14.159,1.4,75.9
2021-03-26,2.6,8.9,16.1,0.174,10.064,1.2,77.9
2021-03-27,1.7,5.8,12.2,7.274,8.312,2.9,92.7
2021-03-28,-0.3,6.5,12.2,0.223,12.791,2.9,75.6
2021-03-29,8.5,13.4,18.3,0.348,10.54,2.9,59.2
2021-03-30,4.2,13.4,21.3,0.0,18.482,1.6,66.1
2021-03-31,3.3,13.2,23.1,0.0,18.786,1.3,68.5
2021-04-01,4.8,9.8,16.0,0.248,6.699,2.5,80.9
2021-04-02,1.1,6.1,11.5,0.0,18.187,3.2,77.0
2021-04-03,-1.9,4.6,8.5,0.0,12.552,3.0,72.5
2021-04-04,-4.9,4.2,11.1,0.0,18.89,2.4,68.9
2021-04-05,0.6,3.1,6.1,5.015,7.319,4.6,83.0
2021-04-06,-1.4,1.3,6.1,0.621,13.598,3.4,88.7
2021-04-07,0.8,3.0,6.7,1.862,11.338,4.3,81.1
2021-04-08,1.6,4.2,8.2,0.074,11.459,4.4,71.3
2021-04-09,0.9,7.6,13.2,1.365,17.367,3.5,56.4
2021-04-10,3.2,6.4,8.3,3.6,5.869,1.5,92.1
2021-04-11,6.0,12.3,20.7,1.092,17.413,2.9,73.3
2021-04-12,2.2,5.1,7.4,0.199,7.837,2.9,79.1
2021-04-13,-1.5,4.6,9.1,0.0,17.012,2.6,73.7
2021-04-14,-0.1,3.9,8.0,0.0,11.326,2.4,73.4
2021-04-15,0.6,3.3,6.8,1.514,8.641,3.6,81.4
2021-04-16,3.6,6.0,9.5,0.621,15.447,4.1,75.9
2021-04-17,3.9,7.6,13.6,7.398,10.124,2.0,86.3
2021-04-18,4.2,7.0,12.5,10.377,8.951,1.6,98.1
2021-04-19,4.2,9.9,17.0,4.816,16.558,1.8,83.7
2021-04-20,2.9,10.1,17.5,0.0,21.967,1.2,72.5
2021-04-21,1.1,10.0,16.8,0.0,19.511,2.6,58.4
2021-04-22,3.9,6.9,11.1,1.291,16.685,4.3,62.2
2021-04-23,3.8,7.7,13.4,0.0,19.301,3.6,61.5
2021-04-24,1.4,7.1,11.7,0.0,14.943,2.1,59.8
2021-04-25,-1.6,4.7,10.0,0.0,16.19,2.0,57.1
2021-04-26,-3.7,3.7,9.6,0.0,19.877,1.5,60.3
2021-04-27,-3.1,5.7,12.3,0.0,26.589,2.2,51.4
2021-04-28,0.0,9.6,16.9,0.0,23.333,2.2,50.5
2021-04-29,6.7,9.7,16.6,10.998,7.947,2.0,86.7
2021-04-30,5.2,7.5,9.2,0.149,4.96,2.5,88.0
2021-05-01,5.1,8.1,11.4,0.372,11.945,1.2,89.3
2021-05-02,5.8,7.3,10.0,28.922,5.05,1.8,97.6
2021-05-03,2.0,6.9,11.1,0.074,13.787,3.0,76.7
2021-05-04,2.4,9.5,15.0,2.309,12.871,4.7,69.2
2021-05-05,5.2,9.0,13.2,1.763,18.025,5.0,66.7
2021-05-06,3.9,7.3,10.8,1.167,19.439,3.2,73.2
2021-05-07,1.7,5.1,8.9,9.012,9.821,2.3,93.2
2021-05-08,2.2,8.9,14.3,0.0,22.369,2.3,59.9
2021-05-09,9.5,17.5,26.0,0.0,25.592,3.4,42.6
2021-05-10,11.5,20.7,28.9,0.0,26.815,2.5,50.5
2021-05-11,12.6,21.2,30.0,0.0,25.805,2.3,67.2
2021-05-12,13.6,14.7,16.4,9.682,8.531,2.4,94.1
2021-05-13,11.0,12.0,13.8,2.383,3.22,2.4,99.6
2021-05-14,6.9,10.3,12.1,0.074,7.111,2.8,96.2
2021-05-15,4.5,12.5,19.2,1.763,19.566,2.3,78.2
2021-05-16,8.3,13.2,18.6,3.798,19.12,2.0,71.8
2021-05-17,6.0,12.9,19.4,0.199,16.717,1.6,70.3
2021-05-18,7.2,11.7,15.3,0.0,20.33,2.3,83.7
2021-05-19,4.9,11.5,17.0,0.0,24.737,2.1,69.2
2021-05-20,5.4,11.9,17.2,0.0,23.37,2.1,69.2
2021-05-21,8.0,14.5,20.7,0.0,22.2,3.5,62.5
2021-05-22,8.3,12.8,17.5,1.241,19.396,3.2,70.8
2021-05-23,6.6,11.4,16.4,1.936,15.479,2.2,85.4
2021-05-24,6.7,14.9,21.6,0.298,26.728,2.8,60.1
2021-05-25,8.6,12.7,16.6,3.451,15.454,3.0,77.0
2021-05-26,8.0,11.4,14.8,0.894,14.291,3.4,85.7
2021-05-27,7.1,11.4,16.1,1.837,13.479,2.8,85.0
2021-05-28,6.9,11.3,15.2,0.993,13.995,1.9,85.9
2021-05-29,5.0,11.8,17.8,0.0,19.308,2.9,73.5
2021-05-30,3.6,12.4,19.1,0.0,30.538,2.4,55.8
2021-05-31,4.9,13.2,20.0,0.0,30.567,1.5,62.0
2021-06-01,6.9,15.5,22.4,0.0,20.867,1.9,65.1
2021-06-02,10.2,17.6,24.5,0.0,28.482,2.5,61.7
2021-06-03,9.8,19.4,25.9,0.0,29.662,2.2,47.8
2021-06-04,12.9,16.3,21.4,1.688,9.082,1.3,83.5
2021-06-05,10.4,19.6,26.9,0.0,28.987,1.5,63.7
2021-06-06,10.4,20.3,27.4,0.0,26.783,1.4,56.6
2021-06-07,11.4,19.5,25.9,0.0,30.099,1.6,55.4
2021-06-08,11.7,20.0,25.7,0.0,25.67,1.9,61.1
2021-06-09,10.0,19.2,25.7,0.0,29.618,1.2,61.0
2021-06-10,11.1,20.1,26.5,0.0,27.581,1.4,58.4
2021-06-11,14.3,21.1,27.8,0.0,25.561,1.5,60.6
2021-06-12,13.9,17.3,20.7,7.845,9.53,2.3,86.3
2021-06-13,8.5,13.7,18.6,0.0,13.137,2.6,74.1
2021-06-14,6.7,17.6,25.7,0.0,30.025,1.2,65.3
2021-06-15,12.4,18.1,22.7,0.0,18.481,1.6,80.3
2021-06-16,8.2,18.9,26.3,0.0,30.583,1.3,54.7
2021-06-17,15.2,25.2,32.5,0.0,28.831,2.3,53.5
2021-06-18,15.2,26.7,34.1,0.0,28.444,2.5,48.8
2021-06-19,17.6,27.1,34.7,0.0,25.282,1.4,57.9
2021-06-20,19.1,27.9,34.7,0.0,24.219,2.2,55.1
2021-06-21,18.1,25.5,31.4,0.0,22.808,1.9,67.7
2021-06-22,12.4,17.8,20.4,0.273,5.937,1.8,97.0
2021-06-23,9.6,16.3,21.2,0.695,18.026,1.3,78.1
2021-06-24,11.7,16.3,21.7,0.174,13.491,1.5,91.0
2021-06-25,13.1,18.8,23.9,0.149,14.461,1.1,77.7
2021-06-26,13.5,19.8,25.5,0.0,24.88,1.3,65.2
2021-06-27,10.8,20.1,26.9,0.0,27.006,1.2,61.0
2021-06-28,12.4,22.7,29.8,0.0,23.41,1.1,55.1
2021-06-29,15.8,22.3,30.3,3.823,16.016,1.6,72.5
2021-06-30,16.4,17.5,18.6,47.913,2.832,2.8,99.7
2021-07-01,14.1,15.4,16.6,24.801,3.68,2.8,99.7
2021-07-02,14.9,19.3,24.4,0.149,21.963,2.1,74.5
2021-07-03,14.5,19.5,24.5,0.0,24.274,1.9,70.8
2021-07-04,13.9,20.8,25.8,0.0,22.323,1.0,67.0
2021-07-05,14.9,19.8,24.6,1.614,17.12,1.5,82.8
2021-07-06,14.0,22.8,30.2,3.401,25.529,2.3,66.7
2021-07-07,14.8,18.4,22.4,3.476,9.923,1.1,92.0
2021-07-08,13.6,17.8,20.6,3.947,7.253,1.3,95.6
2021-07-09,15.3,18.6,24.8,4.568,9.774,2.0,95.9
2021-07-10,14.6,18.7,24.4,0.074,22.676,2.4,78.0
2021-07-11,13.1,21.5,27.2,0.0,25.166,1.7,64.3
2021-07-12,16.1,20.8,25.8,4.469,14.102,1.4,86.0
2021-07-13,14.8,23.3,29.6,2.011,26.132,1.7,68.8
2021-07-14,17.6,21.4,25.8,0.0,13.649,1.5,88.9
2021-07-15,16.6,21.6,26.8,1.192,18.093,1.4,84.3
2021-07-16,14.9,22.4,28.2,5.213,19.552,1.4,81.3
2021-07-17,18.5,23.5,27.9,0.0,20.327,2.5,82.0
2021-07-18,16.0,21.2,26.1,0.0,24.376,2.0,74.6
2021-07-19,12.7,17.4,19.4,0.0,13.255,2.0,73.6
2021-07-20,11.3,17.1,21.6,0.0,19.102,1.5,73.7
2021-07-21,10.3,17.6,22.4,0.0,15.899,1.4,76.5
2021-07-22,14.7,19.5,23.4,0.0,17.304,1.2,76.7
2021-07-23,12.8,19.7,25.4,0.0,19.141,0.8,73.3
2021-07-24,12.4,22.5,29.7,0.0,24.016,1.9,58.0
2021-07-25,17.5,22.6,29.4,0.472,19.471,1.8,70.4
2021-07-26,18.2,23.8,30.0,0.0,19.246,1.2,68.0
2021-07-27,17.5,23.3,29.0,0.074,22.505,2.1,67.1
2021-07-28,15.7,20.1,25.2,1.887,13.871,1.7,76.5
2021-07-29,12.7,20.3,25.3,0.0,18.791,2.6,61.2
2021-07-30,10.7,19.2,25.9,0.0,24.433,2.2,63.2
2021-07-31,14.3,20.6,25.2,0.0,20.574,3.0,57.2
2021-08-01,13.0,17.6,22.4,7.1,15.929,1.6,80.7
2021-08-02,12.8,17.1,21.7,0.074,18.604,2.4,69.6
2021-08-03,8.6,16.6,22.9,4.742,15.913,1.3,72.2
2021-08-04,12.9,16.9,22.5,0.372,17.462,1.5,83.4
2021-08-05,11.8,17.0,23.9,0.149,16.196,1.4,87.6
2021-08-06,14.1,18.8,25.1,0.447,18.115,1.1,77.8
2021-08-07,14.4,20.1,25.2,0.0,20.767,2.0,71.6
2021-08-08,13.7,19.4,24.6,0.0,19.21,2.6,70.7
2021-08-09,12.1,18.0,24.3,2.433,17.136,1.9,70.6
2021-08-10,12.2,18.1,23.8,2.731,17.252,1.8,75.8
2021-08-11,12.2,17.2,23.2,0.0,21.007,1.6,78.5
2021-08-12,10.1,18.9,27.0,0.0,23.738,0.8,69.1
2021-08-13,13.2,22.2,29.8,0.099,19.677,1.4,66.5
2021-08-14,16.0,21.5,26.8,0.0,22.91,1.8,67.8
2021-08-15,11.8,19.5,26.4,0.0,20.129,1.3,71.8
2021-08-16,12.3,18.5,25.3,1.415,17.614,2.7,74.1
2021-08-17,11.8,14.7,17.7,1.291,9.282,4.0,81.9
2021-08-18,13.9,16.9,20.7,0.0,11.89,3.0,73.9
2021-08-19,16.8,18.5,22.1,0.0,9.513,2.7,75.2
2021-08-20,13.4,17.4,21.3,0.447,10.438,1.9,88.0
2021-08-21,10.4,17.5,23.1,0.0,15.641,1.1,77.4
2021-08-22,14.2,17.5,22.6,24.652,8.699,1.9,89.3
2021-08-23,13.7,15.5,17.2,0.919,3.572,2.8,91.3
2021-08-24,10.4,15.7,21.2,0.074,20.203,2.5,73.0
2021-08-25,6.5,14.6,21.0,4.27,14.279,2.1,76.2
2021-08-26,11.2,14.3,18.2,4.841,12.677,2.5,88.8
2021-08-27,11.7,13.5,16.5,0.894,11.374,1.5,94.0
2021-08-28,12.3,15.3,19.3,2.061,14.243,1.5,86.6
2021-08-29,13.6,15.2,19.0,28.823,7.482,1.2,97.4
2021-08-30,13.5,15.4,18.0,8.093,5.911,2.2,99.5
2021-08-31,11.5,15.7,18.7,0.571,10.079,3.5,89.1
2021-09-01,11.3,16.0,21.0,0.0,15.213,2.1,87.1
2021-09-02,10.1,16.0,22.0,0.074,18.299,1.6,86.3
2021-09-03,8.6,15.6,23.5,0.0,19.929,1.8,81.0
2021-09-04,9.2,14.6,20.7,0.0,17.059,1.1,90.6
2021-09-05,9.8,15.7,22.4,0.0,18.526,1.9,71.9
2021-09-06,9.4,15.9,22.6,0.0,16.833,1.2,77.1
2021-09-07,10.7,16.6,22.0,0.0,15.128,1.1,82.3
2021-09-08,8.6,16.8,24.7,0.0,17.822,0.9,79.1
2021-09-09,9.1,18.2,27.0,0.0,18.372,1.2,70.9
2021-09-10,14.1,19.4,27.2,3.426,14.493,1.4,84.8
2021-09-11,15.0,18.5,23.2,12.338,8.523,1.1,98.3
2021-09-12,14.1,18.2,22.0,0.149,11.539,1.4,91.2
2021-09-13,9.9,15.6,19.7,0.074,11.304,1.4,89.6
2021-09-14,8.8,14.7,21.1,0.0,16.717,0.9,81.7
2021-09-15,11.2,17.4,24.2,5.685,9.178,2.2,90.1
2021-09-16,15.8,17.4,19.0,0.149,7.503,2.1,88.3
2021-09-17,12.7,14.5,15.9,0.298,4.926,2.4,95.8
2021-09-18,11.9,13.4,15.9,0.372,4.16,2.2,93.8
2021-09-19,10.6,12.4,14.9,0.0,6.906,1.5,78.6
2021-09-20,9.8,12.2,16.3,0.0,9.363,0.9,83.0
2021-09-21,10.2,12.5,15.7,0.0,7.528,2.1,82.9
2021-09-22,10.6,13.4,17.1,0.0,7.695,2.3,91.6
2021-09-23,9.6,14.4,18.6,1.341,7.568,3.6,80.0
2021-09-24,12.1,14.8,16.7,0.074,7.935,4.2,80.7
2021-09-25,11.7,16.7,19.8,0.273,5.388,1.8,96.6
2021-09-26,10.3,17.8,24.3,0.074,13.143,1.7,82.6
2021-09-27,13.8,16.8,20.2,0.273,7.455,1.2,96.0
2021-09-28,13.3,14.7,16.5,2.756,2.828,1.3,99.7
2021-09-29,9.9,13.6,16.6,5.064,4.044,2.1,96.8
2021-09-30,5.9,10.6,15.8,0.074,11.057,2.5,81.8
2021-10-01,4.7,11.2,18.2,0.0,12.882,2.6,72.5
2021-10-02,7.6,13.4,20.1,0.0,11.46,2.3,82.8
2021-10-03,13.4,17.7,23.3,1.266,10.877,4.1,62.8
2021-10-04,12.5,14.4,16.3,0.919,4.616,1.3,89.6
2021-10-05,11.2,13.7,18.1,1.514,3.666,2.1,98.4
2021-10-06,7.5,12.7,16.0,0.0,6.456,1.4,89.0
2021-10-07,3.6,11.4,18.1,0.0,12.3,0.8,85.1
2021-10-08,4.5,10.8,15.9,0.0,12.113,1.4,78.9
2021-10-09,1.1,7.2,15.2,0.0,12.799,1.3,76.3
2021-10-10,-1.1,5.4,14.2,0.0,12.543,1.1,78.7
2021-10-11,-0.3,7.2,14.8,0.521,7.945,1.6,90.0
2021-10-12,3.4,7.7,12.6,1.539,8.473,2.2,88.5
2021-10-13,2.8,7.1,12.9,1.465,9.769,1.9,84.6
2021-10-14,6.6,9.9,12.3,1.018,3.659,2.0,99.6
2021-10-15,6.8,10.3,14.3,3.426,2.779,2.9,95.8
2021-10-16,4.9,8.3,11.6,0.0,5.855,1.4,93.7
2021-10-17,4.2,9.3,12.8,2.532,6.614,1.8,87.4
2021-10-18,8.3,11.1,15.7,0.0,8.697,1.7,83.4
2021-10-19,7.3,12.1,15.8,0.223,6.484,2.7,87.3
2021-10-20,12.8,15.7,18.4,3.277,3.712,3.9,80.2
2021-10-21,7.5,13.1,17.2,3.103,3.512,5.9,76.7
2021-10-22,5.4,7.0,10.2,5.288,2.575,4.5,87.6
2021-10-23,1.2,6.6,11.4,0.074,7.67,3.0,86.8
2021-10-24,-1.0,4.8,12.0,0.0,9.198,1.7,88.4
2021-10-25,0.8,5.6,11.9,0.0,7.849,2.1,87.1
2021-10-26,2.7,8.5,13.0,0.199,3.529,1.6,96.8
2021-10-27,8.7,11.6,14.0,0.0,3.64,2.6,94.3
2021-10-28,5.8,10.6,16.0,0.0,8.554,1.9,89.6
2021-10-29,2.0,7.4,14.5,0.0,8.551,1.6,86.5
2021-10-30,3.5,9.1,15.9,0.0,7.846,2.2,77.3
2021-10-31,7.2,11.6,17.2,0.0,7.223,2.4,79.8
2021-11-01,6.6,9.5,12.8,13.108,2.906,1.7,95.0
2021-11-02,4.9,7.8,8.8,2.706,1.001,1.2,99.6
2021-11-03,0.5,5.7,11.1,0.223,5.856,1.2,96.6
2021-11-04,4.4,6.3,8.3,39.87,0.512,3.1,99.6
2021-11-05,5.9,7.6,9.3,0.248,2.063,3.4,97.7
2021-11-06,5.9,8.4,10.5,0.372,3.249,3.4,91.2
2021-11-07,6.1,7.7,10.3,5.536,2.732,4.0,94.1
2021-11-08,5.5,7.7,9.5,0.993,1.819,2.4,99.4
2021-11-09,2.7,7.3,11.0,0.0,3.402,1.5,96.3
2021-11-10,-0.3,3.7,9.2,0.0,5.813,1.3,94.5
2021-11-11,-1.2,4.5,9.1,0.0,5.946,1.5,94.7
2021-11-12,4.9,7.0,8.8,0.0,1.937,2.4,98.6
2021-11-13,1.8,4.5,7.7,0.0,2.512,1.6,96.1
2021-11-14,1.0,4.2,6.4,0.0,1.678,1.3,98.8
2021-11-15,4.7,5.0,5.4,0.0,0.842,2.0,97.8
2021-11-16,4.4,5.2,6.3,0.0,1.165,1.8,99.6
2021-11-17,4.1,5.3,7.2,0.0,0.794,2.4,97.4
2021-11-18,4.8,7.4,9.7,0.794,1.722,3.2,95.4
2021-11-19,8.2,11.2,12.5,0.074,0.897,4.7,92.3
2021-11-20,9.5,11.0,11.8,0.0,0.933,3.8,89.2
2021-11-21,4.0,7.5,9.5,0.348,1.202,2.2,95.7
2021-11-22,-2.7,2.9,5.9,0.0,3.616,1.9,88.6
2021-11-23,-0.5,3.9,6.4,0.869,1.064,2.1,99.6
2021-11-24,5.3,6.3,7.3,0.05,1.187,1.7,99.6
2021-11-25,1.8,3.7,5.2,0.0,1.241,2.3,89.7
2021-11-26,0.9,3.6,5.0,0.0,2.079,2.2,91.8
2021-11-27,-0.2,1.9,3.5,1.887,2.215,2.1,95.9
2021-11-28,-1.3,0.5,2.8,0.422,1.913,1.2,99.5
2021-11-29,-0.8,0.9,2.6,1.787,1.55,1.7,99.4
2021-11-30,0.6,2.5,5.2,6.033,0.726,4.4,94.0
2021-12-01,0.2,4.6,8.6,7.15,0.587,4.0,92.1
2021-12-02,-1.6,2.5,6.8,0.0,2.988,5.2,70.8
2021-12-03,-2.4,0.3,3.1,1.39,3.764,3.7,86.7
2021-12-04,0.1,0.8,1.7,3.848,1.011,2.7,99.5
2021-12-05,-0.4,0.0,0.4,0.149,0.678,1.3,99.5
2021-12-06,-0.6,-0.1,0.8,0.0,1.337,1.3,99.5
2021-12-07,-2.0,-0.8,-0.3,0.0,1.213,3.0,98.9
2021-12-08,-2.1,-0.8,0.7,0.0,1.833,4.3,95.2
2021-12-09,-2.2,-1.7,-1.1,4.791,1.129,1.7,98.7
2021-12-10,-2.2,-1.0,0.1,1.614,0.492,1.0,99.5
2021-12-11,-3.0,-1.9,-0.9,0.0,0.599,1.5,99.5
2021-12-12,-3.4,-0.5,2.7,0.422,0.709,1.9,99.5
2021-12-13,-3.0,5.2,1.2,0.546,0.999,1.3,99.6
2021-12-14,-3.0,6.7,1.2,0.074,0.89,1.6,99.6
2021-12-15,-3.0,7.9,1.2,0.149,0.611,1.9,99.6
2021-12-16,-3.0,7.0,1.2,0.0,1.969,2.9,97.4
2021-12-17,-3.0,4.8,1.2,0.074,0.829,2.7,97.2
2021-12-18,-3.0,5.2,1.2,0.149,0.726,2.8,99.3
2021-12-19,-3.0,5.6,1.2,0.67,0.987,4.5,95.8
2021-12-20,-1.6,0.7,3.4,0.422,3.546,2.4,92.3
2021-12-21,-1.2,-0.3,1.0,0.0,2.248,1.3,96.8
2021-12-22,-4.4,-1.3,1.1,0.0,3.363,1.6,94.6
2021-12-23,-4.8,-2.0,0.6,8.54,1.392,2.3,96.4
2021-12-24,-4.7,1.2,4.6,5.164,0.719,2.9,95.8
2021-12-25,-10.4,-6.9,-2.6,0.0,6.282,0.8,90.7
2021-12-26,-13.0,-8.6,-2.9,0.0,5.725,1.1,90.8
2021-12-27,-10.4,-5.3,-2.5,0.0,1.782,2.6,79.4
2021-12-28,-5.8,-2.3,0.8,2.458,1.311,2.6,96.8
2021-12-29,0.6,3.2,5.0,0.497,1.009,1.2,99.6
2021-12-30,3.4,8.2,12.0,3.128,0.932,2.6,99.6
2021-12-31,11.1,12.3,13.6,6.504,0.922,3.8,95.5
2022-01-01,10.0,11.4,12.5,0.149,1.128,3.2,99.1
2022-01-02,7.4,9.3,10.9,8.788,0.928,3.4,96.1
2022-01-03,6.5,8.3,10.2,3.277,1.993,3.7,91.2
2022-01-04,3.8,5.6,6.9,0.919,0.851,2.0,99.5
2022-01-05,1.2,3.0,4.7,3.898,1.598,3.3,92.8
2022-01-06,-3.0,0.4,3.7,0.0,4.658,3.2,81.4
2022-01-07,-2.8,0.1,2.5,0.348,2.286,3.2,94.5
2022-01-08,-0.8,0.9,2.6,0.0,1.925,2.4,97.0
2022-01-09,-1.6,0.3,1.8,0.571,1.708,2.9,90.7
2022-01-10,-3.5,0.2,2.0,0.199,1.296,1.3,98.8
2022-01-11,-6.8,-3.0,0.5,0.0,5.341,1.5,93.1
2022-01-12,-4.7,-0.8,2.7,0.149,1.277,1.9,99.4
2022-01-13,2.7,3.9,5.1,0.0,0.884,3.8,98.2
2022-01-14,1.0,4.9,6.2,0.497,0.961,4.3,97.3
2022-01-15,-1.1,0.3,1.4,0.0,1.124,1.3,99.4
2022-01-16,-1.9,1.3,4.8,0.248,1.848,2.6,97.9
2022-01-17,-0.2,3.6,5.9,4.469,2.611,5.2,81.3
2022-01-18,-1.8,1.7,4.8,0.0,4.752,1.9,93.6
2022-01-19,2.1,3.6,5.1,1.812,4.269,3.3,94.8
2022-01-20,-2.0,0.7,3.7,1.39,5.071,5.0,83.7
2022-01-21,-3.6,-0.4,2.4,0.993,5.797,4.3,72.7
2022-01-22,-0.9,1.1,2.5,0.223,4.065,1.9,95.8
2022-01-23,1.1,4.0,5.3,1.216,1.425,1.4,99.6
2022-01-24,0.0,4.5,4.9,0.943,1.546,1.3,99.2
2022-01-25,0.0,3.5,4.9,0.869,1.622,2.5,99.4
2022-01-26,0.0,2.6,4.9,0.397,1.199,3.3,99.3
2022-01-27,0.0,3.6,4.9,1.44,0.868,4.8,94.4
2022-01-28,0.0,4.5,4.9,1.44,4.517,4.8,65.2
2022-01-29,0.0,4.9,4.9,7.398,0.688,5.1,92.6
2022-01-30,0.0,5.5,4.9,0.745,2.929,7.6,58.7
2022-01-31,-2.2,1.8,3.6,0.149,2.834,1.8,83.8
2022-02-01,0.3,2.6,5.7,7.646,1.837,4.0,97.1
2022-02-02,1.1,4.1,6.6,0.645,3.991,4.9,83.7
2022-02-03,-0.3,3.8,6.3,4.469,3.052,2.2,98.2
2022-02-04,4.0,6.2,7.6,2.557,2.182,3.2,93.3
2022-02-05,2.6,4.2,5.8,1.936,3.412,4.4,78.8
2022-02-06,2.9,4.7,8.1,7.001,2.723,5.2,95.1
2022-02-07,1.6,3.9,6.3,0.0,3.252,5.0,77.7
2022-02-08,2.6,5.5,8.3,3.947,1.468,3.7,97.4
2022-02-09,7.7,8.6,9.6,0.149,2.339,3.6,91.5
2022-02-10,3.6,6.9,10.1,3.128,2.152,2.1,92.6
2022-02-11,-0.2,3.0,5.6,1.44,4.288,2.1,94.6
2022-02-12,-3.5,0.1,5.0,0.0,9.666,2.3,86.0
2022-02-13,-1.6,2.6,7.1,0.0,8.788,3.8,75.5
2022-02-14,1.9,6.0,11.6,0.0,8.905,4.4,58.2
2022-02-15,4.1,6.4,10.2,0.794,5.276,2.5,80.5
2022-02-16,4.2,7.0,11.3,9.881,2.741,5.4,94.7
2022-02-17,4.3,7.2,12.5,4.047,2.907,7.6,78.3
2022-02-18,3.7,6.3,9.6,4.469,4.3,5.3,77.0
2022-02-19,2.5,5.8,8.0,1.986,2.82,6.6,53.2
2022-02-20,1.9,4.9,8.4,8.416,2.862,4.4,95.5
2022-02-21,2.6,5.5,9.6,6.331,4.294,5.4,81.3
2022-02-22,3.6,5.2,7.4,3.029,6.9,4.6,78.9
2022-02-23,0.7,5.7,9.4,0.0,8.135,4.3,76.5
2022-02-24,-0.3,5.2,10.0,0.447,5.643,4.0,75.2
2022-02-25,2.4,4.3,7.4,1.49,6.783,4.2,78.1
2022-02-26,-1.6,3.6,6.1,0.0,4.226,2.1,92.4
2022-02-27,-2.9,-1.0,0.4,0.0,3.272,1.4,99.5
2022-02-28,-2.5,0.2,5.4,0.0,9.652,1.6,78.2
2022-03-01,-3.6,0.5,7.4,0.0,12.586,1.8,65.9
2022-03-02,-4.7,0.1,7.0,0.0,11.219,0.8,73.1
2022-03-03,-5.1,-1.0,2.5,0.0,2.98,1.4,97.9
2022-03-04,-3.9,0.4,3.4,0.0,3.397,1.2,89.0
2022-03-05,-4.8,-0.5,3.6,0.0,10.66,1.3,75.8
2022-03-06,-1.0,0.2,1.4,0.0,3.791,1.4,73.2
2022-03-07,-3.0,2.4,8.4,0.0,14.542,2.3,73.4
2022-03-08,-5.1,1.8,9.7,0.0,14.549,0.7,72.8
2022-03-09,-5.1,2.5,10.4,0.0,15.156,1.0,70.0
2022-03-10,-3.0,2.4,8.1,0.0,14.285,2.8,67.2
2022-03-11,-3.3,2.1,7.9,0.0,15.468,4.6,35.1
2022-03-12,-3.0,3.6,10.2,0.0,15.439,3.2,33.1
2022-03-13,-3.2,5.1,14.0,0.0,15.653,2.6,36.7
2022-03-14,-1.1,6.6,14.0,0.894,13.576,2.6,49.8
2022-03-15,5.6,8.7,12.8,0.0,10.456,1.6,79.7
2022-03-16,1.2,4.7,7.7,0.0,6.321,1.6,98.3
2022-03-17,1.0,5.8,10.6,0.0,5.476,1.6,83.5
2022-03-18,3.6,7.5,11.7,0.0,13.905,2.4,75.9
2022-03-19,1.3,5.1,10.6,0.0,15.325,2.9,72.3
2022-03-20,-1.3,5.5,12.5,0.0,16.916,3.2,44.4
2022-03-21,-2.8,6.0,14.0,0.0,17.579,2.4,41.8
2022-03-22,-3.8,7.4,18.0,0.0,17.908,1.5,48.9
2022-03-23,-2.0,8.2,17.6,0.0,17.343,1.4,55.1
2022-03-24,-1.7,6.2,15.0,0.0,18.028,1.0,63.9
2022-03-25,-1.8,7.7,17.0,0.0,15.911,1.3,69.7
2022-03-26,1.0,7.6,13.8,0.0,9.614,2.7,86.4
2022-03-27,-2.0,7.0,15.6,0.0,17.912,1.3,73.2
2022-03-28,2.3,10.4,17.6,0.0,19.009,2.8,66.2
2022-03-29,0.4,7.1,12.1,0.0,16.068,2.7,70.2
2022-03-30,-1.8,3.9,8.1,0.0,11.447,2.0,66.2
2022-03-31,-1.8,3.2,7.2,0.0,13.44,4.5,50.5
2022-04-01,-0.3,3.3,7.5,0.0,16.091,5.1,41.8
2022-04-02,-1.6,1.7,6.0,0.0,13.239,4.0,67.9
2022-04-03,-3.5,2.1,6.9,0.149,11.174,2.6,71.8
2022-04-04,0.5,3.5,8.4,7.82,9.769,5.1,85.5
2022-04-05,4.5,6.4,8.8,3.724,10.352,3.5,79.0
2022-04-06,6.7,9.9,12.6,0.323,6.076,3.4,79.0
2022-04-07,5.6,9.5,14.5,11.817,8.277,5.1,78.3
2022-04-08,1.5,6.2,9.1,1.092,11.337,4.0,73.5
2022-04-09,1.3,4.8,10.1,1.887,16.999,3.7,82.6
2022-04-10,2.2,4.5,8.8,0.521,14.73,3.9,82.9
2022-04-11,1.1,6.4,12.2,0.0,21.325,2.4,66.3
2022-04-12,-1.7,8.2,16.0,0.0,21.456,2.1,55.5
2022-04-13,5.4,13.0,21.1,0.0,18.911,2.3,45.4
2022-04-14,5.9,11.9,17.7,2.185,11.584,1.7,84.4
2022-04-15,2.8,7.6,10.8,3.773,4.363,3.2,97.8
2022-04-16,1.3,6.3,11.8,0.0,23.296,3.2,61.7
2022-04-17,-1.6,7.1,13.6,0.0,23.405,2.0,57.3
2022-04-18,0.5,8.0,14.5,0.0,24.757,2.0,58.2
2022-04-19,2.7,8.1,13.0,0.0,18.004,2.4,57.9
2022-04-20,5.9,8.3,13.1,2.83,7.591,2.4,85.2
2022-04-21,5.9,9.0,12.5,0.223,6.384,1.8,95.0
2022-04-22,3.9,8.5,13.8,0.05,7.793,2.3,86.9
2022-04-23,1.7,10.5,17.1,0.0,24.14,2.4,61.4
2022-04-24,4.0,11.0,17.4,0.0,20.166,3.1,66.4
2022-04-25,4.3,8.1,13.1,0.0,15.357,3.0,84.5
2022-04-26,0.7,9.5,16.3,0.0,24.761,1.1,62.1
2022-04-27,5.7,11.7,16.9,0.0,21.461,2.0,55.9
2022-04-28,3.8,10.5,16.3,0.0,18.455,1.5,63.7
2022-04-29,0.9,10.9,18.1,0.0,24.658,0.9,57.1
2022-04-30,5.0,12.1,18.9,0.0,17.342,1.3,60.1
2022-05-01,5.4,11.5,17.2,0.0,20.888,2.1,64.8
2022-05-02,5.8,12.3,18.9,0.0,22.822,1.4,66.4
2022-05-03,4.3,11.8,19.4,0.0,24.264,1.5,63.8
2022-05-04,3.7,12.7,19.7,0.05,14.405,1.0,65.9
2022-05-05,8.3,13.3,17.7,0.348,17.065,1.9,77.8
2022-05-06,3.2,12.3,19.0,0.0,20.532,1.2,68.9
2022-05-07,5.5,15.2,22.2,1.539,18.75,1.7,64.5
2022-05-08,7.3,14.3,19.6,0.0,24.432,1.9,63.8
2022-05-09,4.8,12.8,20.1,0.0,28.409,1.5,64.5
2022-05-10,4.6,17.4,25.4,0.074,24.22,1.7,49.2
2022-05-11,14.6,21.4,28.4,3.327,19.813,2.7,58.8
2022-05-12,10.4,15.9,19.5,0.0,21.574,3.2,65.2
2022-05-13,5.3,13.9,19.4,0.0,16.32,2.6,60.3
2022-05-14,8.1,14.7,19.9,0.0,16.758,2.7,66.7
2022-05-15,4.2,13.9,21.0,0.0,29.667,1.2,62.0
2022-05-16,8.5,16.7,21.4,0.596,27.324,1.8,53.2
2022-05-17,8.5,16.3,21.4,0.248,14.46,1.1,61.1
2022-05-18,8.5,16.9,21.4,0.0,28.236,2.6,40.4
2022-05-19,8.5,20.7,21.4,0.0,25.663,2.6,40.4
2022-05-20,8.5,20.5,21.4,4.394,23.278,2.4,66.7
2022-05-21,8.5,14.9,21.4,2.582,17.834,4.5,71.2
2022-05-22,8.5,13.4,21.4,0.0,21.687,2.0,76.1
2022-05-23,6.3,16.4,22.8,0.223,25.64,3.0,55.5
2022-05-24,9.1,16.4,23.6,1.986,14.777,2.5,74.1
2022-05-25,6.5,14.2,20.4,0.05,19.947,1.7,69.5
2022-05-26,11.3,16.5,20.6,1.365,15.663,3.4,60.0
2022-05-27,8.9,13.9,18.3,1.241,21.311,4.6,70.1
2022-05-28,8.2,11.6,16.0,0.0,17.601,4.9,69.8
2022-05-29,8.7,11.5,15.1,0.397,16.702,1.8,79.3
2022-05-30,5.4,11.9,17.1,0.0,23.134,2.2,68.5
2022-05-31,3.2,13.0,19.8,3.128,22.117,1.3,62.2
2022-06-01,9.7,13.3,19.5,2.656,19.742,1.6,83.7
2022-06-02,7.0,13.7,19.0,0.0,26.225,2.3,68.4
2022-06-03,4.8,16.7,24.6,0.0,30.191,1.4,52.7
2022-06-04,12.8,18.0,23.1,0.0,14.3,2.5,58.6
2022-06-05,7.3,19.0,27.2,22.219,28.75,2.2,58.1
2022-06-06,13.2,19.2,24.5,6.604,16.337,1.7,75.2
2022-06-07,11.9,17.2,22.2,0.0,15.489,1.5,75.5
2022-06-08,11.2,18.6,23.9,3.401,18.837,1.2,73.3
2022-06-09,15.1,18.3,20.9,0.0,19.518,2.0,80.4
2022-06-10,13.1,18.2,23.5,0.0,30.577,2.2,66.5
2022-06-11,12.5,20.3,26.1,0.0,19.396,1.5,59.2
2022-06-12,12.5,18.8,25.0,0.0,19.948,1.3,69.7
2022-06-13,11.9,15.6,20.5,0.993,23.719,3.0,68.4
2022-06-14,8.0,13.7,18.2,0.0,19.036,2.6,71.7
2022-06-15,5.8,16.4,23.6,0.0,28.523,1.2,58.4
2022-06-16,11.6,17.5,23.1,0.0,25.266,2.3,66.2
2022-06-17,9.4,18.9,25.3,0.0,27.583,1.7,60.8
2022-06-18,15.2,25.0,32.9,0.0,28.625,2.2,51.7
2022-06-19,14.0,24.0,36.4,2.234,24.935,3.5,68.8
2022-06-20,10.9,13.5,15.9,15.739,7.18,1.9,97.7
2022-06-21,10.1,16.4,23.3,0.0,27.358,2.6,69.5
2022-06-22,9.2,19.4,26.4,0.0,30.457,1.1,56.3
2022-06-23,12.7,21.5,28.4,0.0,30.497,1.6,56.4
2022-06-24,14.4,24.0,31.3,2.334,26.787,2.6,55.0
2022-06-25,18.2,22.4,28.7,0.422,20.329,1.0,83.3
2022-06-26,16.7,24.5,31.7,0.0,26.667,1.6,66.4
2022-06-27,16.7,26.9,34.8,2.358,25.671,2.3,56.7
2022-06-28,16.7,20.2,23.9,0.0,18.265,2.2,76.4
2022-06-29,13.6,19.4,22.2,3.749,16.936,1.8,67.3
2022-06-30,16.8,20.7,25.4,0.074,12.023,1.2,85.0
2022-07-01,14.8,20.2,28.9,4.394,19.7,2.6,86.5
2022-07-02,11.7,19.3,25.6,0.0,25.193,1.4,60.6
2022-07-03,13.5,22.4,28.9,0.0,28.876,2.3,50.6
2022-07-04,12.1,20.7,25.5,0.0,26.758,2.4,62.7
2022-07-05,9.3,18.6,24.8,0.645,24.475,1.8,58.0
2022-07-06,10.6,16.1,20.2,1.961,17.536,2.4,63.5
2022-07-07,11.5,14.7,19.7,3.029,8.619,2.3,95.2
2022-07-08,12.8,16.1,19.6,0.074,12.673,2.9,81.5
2022-07-09,10.9,15.5,20.3,7.473,15.029,2.2,86.0
2022-07-10,11.6,15.1,19.6,0.0,18.88,3.0,66.4
2022-07-11,11.1,16.5,21.7,0.0,19.132,2.1,67.9
2022-07-12,8.7,19.1,26.1,0.0,26.3,2.2,54.4
2022-07-13,12.1,22.2,29.4,0.0,18.532,1.9,56.6
2022-07-14,15.0,19.4,24.7,0.0,27.756,2.7,54.9
2022-07-15,11.8,16.1,20.0,0.05,16.985,3.0,62.4
2022-07-16,12.6,16.7,21.1,2.309,20.554,3.2,62.0
2022-07-17,7.6,16.0,22.8,0.0,24.532,2.0,63.3
2022-07-18,10.6,20.4,26.9,0.0,22.467,1.2,59.1
2022-07-19,12.4,25.4,34.4,0.0,27.214,1.2,48.0
2022-07-20,14.7,28.1,37.0,0.0,25.519,1.6,45.5
2022-07-21,17.9,25.0,31.7,1.018,18.57,2.2,58.7
2022-07-22,14.6,20.7,25.3,0.372,15.101,1.9,78.2
2022-07-23,12.5,17.6,23.9,5.387,16.54,1.6,76.3
2022-07-24,8.2,19.0,27.5,0.0,27.966,1.3,60.3
2022-07-25,14.0,25.2,35.2,7.795,23.926,2.7,54.1
2022-07-26,15.1,19.3,24.8,1.043,16.227,2.0,83.8
2022-07-27,10.1,15.9,20.4,0.0,16.7,2.0,65.0
2022-07-28,6.9,16.6,23.1,0.0,24.624,1.1,59.3
2022-07-29,11.2,20.0,27.5,0.0,20.355,2.4,56.9
2022-07-30,13.5,19.3,23.9,0.0,13.099,1.6,65.3
2022-07-31,10.3,20.4,27.5,0.0,20.438,1.0,60.5
2022-08-01,15.1,20.2,22.8,0.372,10.234,2.0,86.9
2022-08-02,12.9,20.1,27.4,0.0,23.019,1.1,61.6
2022-08-03,13.4,24.7,33.4,0.0,25.463,1.2,52.6
2022-08-04,15.6,27.9,36.4,0.0,22.818,2.0,48.9
2022-08-05,16.8,23.6,28.8,1.614,15.258,2.5,68.8
2022-08-06,10.0,17.0,22.3,0.0,21.433,2.3,70.1
2022-08-07,6.9,16.6,24.2,0.0,22.576,1.0,59.4
2022-08-08,8.2,19.1,26.7,0.0,20.119,1.2,53.4
2022-08-09,16.0,21.2,26.7,0.0,21.494,2.0,54.2
2022-08-10,12.2,20.9,28.3,0.0,25.534,1.5,58.4
2022-08-11,11.7,21.4,28.8,0.0,24.272,1.5,52.3
2022-08-12,10.7,21.8,29.4,0.0,22.077,1.7,54.6
2022-08-13,15.5,22.5,29.5,0.397,11.582,1.4,71.6
2022-08-14,17.6,24.4,31.2,0.0,21.726,1.9,64.5
2022-08-15,17.6,23.7,31.2,0.0,17.866,2.1,74.3
2022-08-16,15.9,23.1,30.6,0.0,20.222,1.4,67.2
2022-08-17,14.4,24.6,32.0,0.0,18.24,1.1,57.3
2022-08-18,17.6,24.4,34.3,8.912,15.012,1.6,73.2
2022-08-19,19.4,21.5,24.6,4.071,6.633,1.9,96.0
2022-08-20,18.6,19.6,20.9,3.525,4.458,1.7,99.6
2022-08-21,13.4,18.7,23.4,0.0,13.021,1.6,84.2
2022-08-22,12.1,17.6,22.2,1.216,10.75,1.2,83.8
2022-08-23,16.4,19.6,24.0,0.0,11.666,1.9,87.8
2022-08-24,16.5,21.1,26.5,0.596,11.985,1.4,88.4
2022-08-25,17.4,21.5,27.2,0.0,14.577,1.6,86.4
2022-08-26,18.4,22.3,31.3,5.362,15.886,1.7,87.1
2022-08-27,18.7,20.9,24.9,5.809,8.892,1.6,95.4
2022-08-28,13.7,18.6,21.2,0.074,15.917,2.5,88.4
2022-08-29,12.0,16.3,21.5,0.0,11.167,2.0,88.6
2022-08-30,11.1,16.5,21.3,0.0,12.116,1.5,83.1
2022-08-31,11.4,16.6,22.1,0.0,16.251,2.0,67.7
2022-09-01,9.4,15.3,21.1,0.0,15.138,1.7,71.6
2022-09-02,8.5,15.4,22.2,0.0,17.28,1.8,63.3
2022-09-03,8.8,16.0,22.6,0.0,15.512,2.4,57.8
2022-09-04,11.1,17.7,24.2,0.0,17.483,2.3,54.0
2022-09-05,10.8,17.4,23.4,0.0,15.839,2.3,59.7
2022-09-06,11.6,17.1,22.7,0.0,11.585,2.5,55.0
2022-09-07,11.7,19.3,25.8,0.0,15.071,2.1,60.8
2022-09-08,13.7,16.7,20.4,21.027,6.116,2.0,79.8
2022-09-09,12.1,16.7,23.1,0.472,13.777,2.0,87.6
2022-09-10,10.0,16.4,22.0,11.916,17.279,1.4,81.6
2022-09-11,11.4,14.9,19.6,0.174,7.458,1.7,94.2
2022-09-12,8.0,14.1,19.1,0.0,12.954,0.9,85.3
2022-09-13,8.0,14.7,19.1,1.117,8.71,1.9,95.9
2022-09-14,8.0,14.3,19.1,0.0,9.829,1.3,85.0
2022-09-15,8.0,14.0,19.1,0.571,11.212,2.4,81.9
2022-09-16,8.0,13.3,19.1,1.663,13.55,3.4,71.6
2022-09-17,8.0,12.1,19.1,2.78,10.978,3.3,82.7
2022-09-18,8.0,10.7,19.1,4.419,12.81,3.2,84.1
2022-09-19,8.1,10.4,15.5,1.539,7.056,2.7,96.4
2022-09-20,4.7,9.2,15.4,9.756,10.824,1.8,95.0
2022-09-21,3.7,10.5,16.8,0.174,11.488,1.1,86.0
2022-09-22,3.6,9.9,16.0,0.0,16.543,0.8,77.9
2022-09-23,1.3,9.3,16.4,0.0,13.634,0.8,79.6
2022-09-24,7.6,12.1,16.1,0.149,6.554,1.0,83.9
2022-09-25,10.8,13.9,18.4,0.05,9.721,1.0,82.2
2022-09-26,9.6,12.9,17.4,0.0,10.922,2.4,77.7
2022-09-27,6.9,10.6,14.6,6.182,6.056,2.4,96.1
2022-09-28,6.2,8.7,12.6,0.919,7.136,1.6,95.3
2022-09-29,3.5,7.8,12.6,0.074,6.663,0.9,92.6
2022-09-30,0.8,8.9,17.0,0.0,13.572,0.9,81.8
2022-10-01,5.7,9.5,13.4,3.55,3.769,3.0,96.3
2022-10-02,9.1,12.1,15.8,6.926,9.233,3.0,92.7
2022-10-03,10.0,12.1,15.9,1.663,8.404,3.3,92.0
2022-10-04,9.3,12.4,16.2,0.0,9.983,2.1,91.7
2022-10-05,7.6,13.7,20.1,0.0,9.215,2.3,82.8
2022-10-06,4.4,14.2,17.8,0.0,11.678,2.4,75.3
2022-10-07,3.7,10.1,18.1,0.0,13.183,1.3,79.9
2022-10-08,5.4,10.8,16.2,0.0,6.749,2.0,89.7
2022-10-09,3.7,9.2,15.5,0.0,10.058,1.3,85.5
2022-10-10,3.8,10.6,15.9,0.0,10.83,2.5,81.0
2022-10-11,2.1,9.5,14.9,0.0,10.499,2.0,85.5
2022-10-12,0.7,7.2,15.3,0.0,11.106,1.0,81.5
2022-10-13,1.6,8.8,16.1,0.0,7.526,1.1,92.3
2022-10-14,5.0,11.0,17.2,1.688,7.348,1.4,91.8
2022-10-15,11.4,13.9,17.4,0.0,4.891,2.1,98.4
2022-10-16,9.6,15.0,20.3,0.0,8.705,1.9,89.0
2022-10-17,9.3,16.6,24.2,2.805,9.253,2.0,84.3
2022-10-18,9.0,13.4,15.4,12.86,1.942,0.9,99.6
2022-10-19,1.8,9.3,13.4,0.0,6.189,1.5,90.7
2022-10-20,0.4,7.0,13.4,1.912,9.991,2.0,82.9
2022-10-21,6.9,10.8,15.1,0.794,4.57,2.1,94.2
2022-10-22,12.3,13.8,17.2,0.0,4.346,1.2,98.3
2022-10-23,8.1,13.5,18.8,1.638,7.781,2.0,94.3
2022-10-24,10.9,14.6,18.6,0.844,4.839,2.0,94.1
2022-10-25,7.6,12.8,16.8,0.72,4.701,1.7,95.1
2022-10-26,4.3,10.5,17.2,0.074,8.384,0.8,94.0
2022-10-27,7.8,13.0,19.7,0.0,7.784,1.1,93.0
2022-10-28,9.6,15.5,21.8,0.0,7.132,1.9,88.2
2022-10-29,12.4,15.9,19.3,0.0,6.283,1.5,92.3
2022-10-30,8.3,13.7,20.6,0.0,6.897,0.9,91.1
2022-10-31,6.3,11.6,17.8,0.199,6.942,0.7,95.4
2022-11-01,7.0,12.4,17.0,0.05,3.946,1.3,97.5
2022-11-02,3.6,9.4,15.2,0.0,6.247,1.8,80.8
2022-11-03,2.5,7.7,12.9,0.0,6.059,2.3,84.4
2022-11-04,4.3,8.5,11.1,12.239,1.739,1.3,99.3
2022-11-05,2.7,7.7,11.5,0.074,5.511,1.7,93.7
2022-11-06,1.8,5.9,11.2,0.074,7.112,2.3,91.3
2022-11-07,1.3,10.0,9.6,0.0,4.716,2.8,85.4
2022-11-08,1.3,11.4,9.6,0.124,6.318,2.6,86.6
2022-11-09,1.3,10.7,9.6,1.738,2.935,2.3,93.7
2022-11-10,1.3,11.5,9.6,0.074,4.518,2.2,86.0
2022-11-11,1.3,9.0,9.6,0.0,3.736,1.7,91.0
2022-11-12,1.3,6.8,9.6,0.0,4.17,0.6,96.6
2022-11-13,1.3,9.0,9.6,0.0,3.81,2.3,95.5
2022-11-14,0.5,6.1,10.3,0.074,4.723,1.9,95.3
2022-11-15,-0.2,5.0,11.7,0.074,5.371,0.7,96.5
2022-11-16,3.3,5.2,6.3,0.05,0.48,3.1,97.8
2022-11-17,1.4,3.2,4.2,0.0,0.704,4.4,91.7
2022-11-18,-6.6,-1.9,1.3,0.0,2.047,2.8,90.5
2022-11-19,-8.8,-2.9,0.9,1.49,2.737,1.8,95.6
2022-11-20,-3.9,-0.9,0.2,1.589,2.349,2.2,99.4
2022-11-21,-4.3,-2.5,-1.0,0.0,1.802,1.2,99.4
2022-11-22,-3.8,-0.7,1.5,0.0,1.057,2.5,99.5
2022-11-23,-1.8,0.9,3.8,0.0,3.444,0.9,99.5
2022-11-24,0.8,1.9,2.7,1.291,1.665,1.0,99.5
2022-11-25,2.7,3.9,5.1,4.444,1.789,0.6,99.6
2022-11-26,4.1,6.3,7.5,1.117,0.891,1.0,99.6
2022-11-27,3.0,5.3,7.8,0.074,3.562,1.2,97.8
2022-11-28,2.4,3.0,4.1,0.0,1.928,2.7,98.8
2022-11-29,2.1,3.1,4.2,0.0,1.352,2.1,99.3
2022-11-30,-0.1,1.4,2.9,0.0,1.579,2.4,99.5
2022-12-01,-0.6,0.2,0.9,0.0,0.883,2.0,97.9
2022-12-02,-1.7,0.1,1.2,0.645,0.436,2.8,94.2
2022-12-03,-2.7,-1.8,-1.0,0.894,1.037,2.3,97.0
2022-12-04,-1.0,0.7,2.3,3.376,0.495,2.5,99.5
2022-12-05,2.1,2.7,3.6,1.167,0.462,1.4,99.5
2022-12-06,1.8,2.2,2.9,0.745,0.645,1.5,99.5
2022-12-07,-0.5,1.4,3.3,3.6,1.618,2.8,95.9
2022-12-08,-1.2,0.7,2.6,2.085,1.447,1.2,99.5
2022-12-09,-4.0,-2.4,-0.9,0.0,1.27,0.6,99.5
2022-12-10,-2.9,-1.8,-1.3,0.0,0.707,0.7,99.4
2022-12-11,-3.2,-2.4,-1.8,0.273,1.084,1.6,94.0
2022-12-12,-4.7,-1.8,-0.2,0.0,2.15,2.6,92.5
2022-12-13,-7.1,-2.4,-1.5,0.0,1.121,1.7,86.9
2022-12-14,-11.3,-7.5,-4.1,0.0,3.716,0.6,96.7
2022-12-15,-12.4,-8.6,-4.2,0.0,3.284,1.0,99.4
2022-12-16,-11.3,-7.2,-3.6,0.0,3.13,1.0,99.3
2022-12-17,-6.0,-4.3,-3.4,0.0,0.847,1.2,99.5
2022-12-18,-6.9,-5.9,-5.0,0.0,0.626,2.1,99.4
2022-12-19,-6.3,-1.5,2.9,4.295,1.265,4.1,94.8
2022-12-20,2.4,4.5,7.1,2.507,2.322,3.6,91.9
2022-12-21,3.5,5.2,6.7,0.372,0.906,2.5,98.4
2022-12-22,4.0,5.8,7.9,7.348,0.681,2.2,99.6
2022-12-23,4.2,5.3,6.6,10.948,1.141,1.1,99.6
2022-12-24,3.9,5.1,6.8,3.773,0.781,1.5,99.6
2022-12-25,-0.2,4.1,8.1,7.572,1.863,1.9,99.6
2022-12-26,2.5,9.2,9.0,0.223,1.383,3.6,95.0
2022-12-27,2.5,3.5,9.0,0.074,1.285,3.1,85.9
2022-12-28,2.5,5.1,9.0,1.589,1.507,3.6,95.8
2022-12-29,2.5,9.5,9.0,0.223,2.524,3.8,81.8
2022-12-30,2.5,7.1,9.0,1.465,3.457,3.7,80.0
2022-12-31,2.5,13.6,9.0,0.695,1.592,4.8,79.7
2023-01-01,2.5,14.4,9.0,0.074,1.681,3.7,59.6
2023-01-02,9.3,12.6,15.2,0.0,1.718,3.0,73.3
2023-01-03,-1.6,4.6,9.3,0.074,3.141,2.2,90.2
2023-01-04,1.6,6.0,10.2,19.513,0.517,4.5,98.1
2023-01-05,0.5,7.2,9.8,0.621,1.887,4.7,82.1
2023-01-06,-0.4,5.0,9.1,0.993,0.925,2.0,99.0
2023-01-07,4.6,6.9,9.9,0.248,1.985,2.0,98.5
2023-01-08,3.6,6.4,9.0,1.216,1.272,3.0,93.0
2023-01-09,2.9,4.7,7.5,3.351,1.382,2.1,98.7
2023-01-10,3.2,5.5,7.6,0.074,1.81,2.0,95.5
2023-01-11,3.0,5.7,8.2,8.912,0.949,3.6,92.7
2023-01-12,4.8,7.8,10.2,2.706,1.556,4.7,89.2
2023-01-13,7.3,8.7,9.9,0.869,2.297,4.3,82.3
2023-01-14,5.7,6.8,8.2,11.842,3.082,4.6,87.4
2023-01-15,4.1,6.1,8.4,0.149,2.148,4.6,85.9
2023-01-16,1.2,3.9,6.6,0.199,4.243,3.7,79.2
2023-01-17,-2.4,2.4,5.2,0.497,1.96,2.7,92.4
2023-01-18,-3.7,-0.9,0.9,4.767,1.06,0.9,99.5
2023-01-19,-6.3,-3.6,-0.5,0.0,5.426,1.5,98.8
2023-01-20,-2.0,-0.8,-0.2,0.0,1.16,1.1,99.5
2023-01-21,-1.8,0.2,2.6,6.157,1.822,3.7,97.0
2023-01-22,0.4,0.8,1.3,0.869,0.829,2.5,99.5
2023-01-23,0.0,0.8,1.6,0.0,1.602,2.1,99.1
2023-01-24,-0.8,0.0,0.7,0.0,1.378,1.5,98.5
2023-01-25,-0.3,0.4,1.3,0.223,0.587,1.3,99.5
2023-01-26,-1.2,-0.8,-0.4,0.0,0.573,1.4,99.5
2023-01-27,-1.3,0.7,2.8,0.745,1.047,2.1,95.9
2023-01-28,-2.0,-0.3,1.1,0.149,1.687,1.2,78.8
2023-01-29,-1.4,0.1,2.0,1.365,2.058,3.1,95.7
2023-01-30,0.4,3.2,6.3,2.78,2.465,5.3,86.3
2023-01-31,2.2,3.7,5.3,5.114,1.266,4.8,89.2
2023-02-01,2.4,3.8,5.6,6.132,1.863,4.8,91.9
2023-02-02,-2.6,2.5,5.4,3.873,4.789,3.8,88.3
2023-02-03,-1.2,4.3,7.9,4.369,2.196,5.2,93.2
2023-02-04,-4.5,0.6,3.4,0.0,5.134,3.0,83.2
2023-02-05,-6.9,-3.5,1.0,0.0,6.019,0.6,90.2
2023-02-06,-8.2,-3.8,-0.3,0.596,3.993,1.0,96.5
2023-02-07,-10.6,-4.4,1.5,0.0,8.716,0.6,85.4
2023-02-08,-7.0,-3.0,1.4,0.0,9.144,1.8,85.2
2023-02-09,-6.0,-1.4,3.7,0.0,8.238,2.7,67.8
2023-02-10,-2.0,1.9,5.3,0.0,6.451,2.9,87.3
2023-02-11,2.0,5.0,6.8,0.819,0.905,3.5,96.0
2023-02-12,4.6,6.1,7.8,0.67,2.769,1.0,98.2
2023-02-13,4.6,5.9,7.0,0.0,1.776,1.0,92.9
2023-02-14,-2.6,3.2,6.3,0.0,4.547,0.2,84.8
2023-02-15,-4.8,0.8,9.7,0.0,8.681,0.5,91.8
2023-02-16,-1.1,4.8,10.5,0.546,8.177,1.4,78.0
2023-02-17,6.3,8.4,11.6,2.905,1.7,4.3,91.3
2023-02-18,4.2,6.1,9.7,18.818,2.01,3.4,87.1
2023-02-19,1.3,3.5,5.8,0.149,6.443,2.8,79.7
2023-02-20,0.5,6.3,9.4,1.365,2.57,4.8,89.8
2023-02-21,3.1,8.0,10.3,0.0,6.813,4.1,82.2
2023-02-22,-0.9,5.0,8.7,0.0,5.886,1.4,85.3
2023-02-23,1.1,5.8,11.4,1.514,6.525,2.0,93.4
2023-02-24,1.7,3.3,6.4,3.153,3.309,3.3,89.2
2023-02-25,-0.1,1.5,3.3,2.309,4.38,4.7,97.4
2023-02-26,-1.2,0.6,2.8,0.149,7.919,3.6,78.6
2023-02-27,-2.4,0.5,3.5,0.0,5.245,1.1,79.7
2023-02-28,-4.7,-0.3,4.6,0.0,13.195,0.9,77.1
2023-03-01,-7.1,-0.3,7.2,0.0,12.955,0.7,74.6
2023-03-02,-4.2,-2.1,-0.7,0.0,2.966,1.2,99.5
2023-03-03,-1.9,0.3,3.2,0.0,4.144,2.3,96.5
2023-03-04,1.2,3.6,6.4,0.199,4.741,3.0,80.7
2023-03-05,-0.1,1.5,3.6,4.791,4.199,2.4,76.0
2023-03-06,-0.8,3.5,7.8,0.596,8.32,2.8,78.6
2023-03-07,-0.8,3.5,7.8,2.408,8.32,2.8,78.6
2023-03-08,-0.8,3.5,7.8,2.011,8.32,2.8,78.6
2023-03-09,-0.8,3.5,7.8,8.639,8.32,2.8,78.6
2023-03-10,-0.8,3.5,7.8,17.874,8.32,2.8,78.6
2023-03-11,-0.8,3.5,7.8,0.596,8.32,2.8,78.6
2023-03-12,-0.8,3.5,7.8,2.334,8.32,2.8,78.6
2023-03-13,4.9,10.2,15.4,2.681,5.457,4.4,89.1
2023-03-14,0.7,9.3,14.4,4.767,6.646,4.7,81.0
2023-03-15,-1.0,2.3,6.5,0.0,12.448,3.1,78.2
2023-03-16,-2.3,3.3,8.8,0.0,17.099,2.0,62.0
2023-03-17,1.6,7.3,13.3,0.0,12.546,3.8,48.4
2023-03-18,6.0,10.1,16.5,0.0,11.152,2.7,55.9
2023-03-19,3.5,10.1,15.4,0.67,9.434,1.4,80.0
2023-03-20,8.4,9.8,11.6,0.199,4.689,2.0,87.7
2023-03-21,6.6,9.1,11.2,1.49,5.909,2.0,91.2
2023-03-22,7.6,11.7,16.4,0.074,9.905,2.7,76.9
2023-03-23,9.4,12.0,16.0,3.699,7.102,2.6,77.8
2023-03-24,7.9,11.5,15.8,3.575,6.37,3.1,88.8
2023-03-25,6.7,9.0,13.1,5.288,9.637,3.3,87.6
2023-03-26,4.6,7.8,11.0,0.223,9.271,3.0,81.5
2023-03-27,0.2,3.2,6.4,1.341,15.514,4.0,69.7
2023-03-28,-2.0,1.6,6.2,0.149,15.63,3.6,73.2
2023-03-29,-1.6,5.0,10.1,2.334,10.744,2.6,78.0
2023-03-30,6.5,10.2,17.2,11.817,8.655,2.8,89.7
2023-03-31,8.5,10.1,13.7,15.789,8.379,2.1,95.3
2023-04-01,3.0,6.7,8.8,12.065,4.07,2.8,99.6
2023-04-02,0.6,3.8,7.3,0.149,9.495,4.0,68.8
2023-04-03,-1.0,1.7,4.5,0.0,10.815,3.2,71.2
2023-04-04,-3.8,1.4,6.5,0.0,16.779,1.7,69.4
2023-04-05,-2.8,2.5,6.4,0.0,12.007,1.4,74.7
2023-04-06,-0.9,4.7,9.6,0.0,16.711,1.5,68.7
2023-04-07,-1.6,3.0,5.0,2.855,4.042,1.9,93.0
2023-04-08,1.0,6.6,11.7,0.149,14.177,2.2,85.5
2023-04-09,-1.1,5.3,11.9,0.0,14.747,0.9,92.4
2023-04-10,-0.4,8.6,16.0,0.0,21.086,2.0,77.3
2023-04-11,3.6,8.1,11.4,8.267,7.138,2.8,83.3
2023-04-12,-0.7,8.0,14.5,1.589,20.032,2.8,70.8
2023-04-13,5.6,9.2,13.0,0.223,10.468,1.8,79.2
2023-04-14,6.0,7.6,8.6,12.363,2.807,1.9,98.8
2023-04-15,7.9,9.3,10.7,11.966,3.618,2.3,99.6
2023-04-16,7.7,9.1,10.6,4.369,4.493,2.2,99.6
2023-04-17,5.1,6.6,7.6,7.199,4.921,2.3,99.4
2023-04-18,2.9,8.0,13.9,0.223,8.876,2.5,87.3
2023-04-19,2.5,6.2,10.6,8.143,11.22,3.2,83.5
2023-04-20,5.4,9.8,16.1,0.794,13.281,1.9,84.3
2023-04-21,7.3,13.4,19.2,0.0,24.065,2.0,58.0
2023-04-22,5.1,14.0,21.6,0.0,24.513,1.2,56.9
2023-04-23,9.2,13.1,16.9,0.844,12.21,1.5,79.1
2023-04-24,4.8,12.7,16.9,1.638,15.274,2.9,68.8
2023-04-25,4.8,7.8,16.9,0.0,8.501,3.1,70.1
2023-04-26,4.8,6.3,16.9,0.0,14.972,3.2,67.3
2023-04-27,4.8,6.2,16.9,0.0,14.804,1.3,70.6
2023-04-28,4.8,9.2,16.9,0.099,18.143,1.4,69.0
2023-04-29,4.8,10.8,16.9,1.465,5.119,1.5,91.5
2023-04-30,4.8,8.4,16.9,0.0,28.375,1.2,64.0
2023-05-01,0.2,10.8,19.0,0.0,25.289,1.1,61.2
2023-05-02,4.6,10.3,14.5,0.0,16.941,2.0,77.0
2023-05-03,3.7,9.5,14.7,0.0,26.66,0.5,64.8
2023-05-04,2.0,11.3,17.5,0.0,24.252,0.6,60.7
2023-05-05,8.0,13.1,18.8,7.746,24.554,3.3,61.8
2023-05-06,6.2,7.5,11.7,2.135,3.898,2.7,97.4
2023-05-07,7.1,10.3,15.8,0.0,19.954,2.9,74.7
2023-05-08,3.6,11.1,17.4,0.0,29.037,2.9,58.6
2023-05-09,6.2,13.1,18.9,0.0,28.827,4.5,49.9
2023-05-10,9.2,16.0,22.2,0.0,26.546,3.8,51.0
2023-05-11,8.5,16.4,21.8,0.0,20.081,2.3,56.7
2023-05-12,6.7,15.7,22.0,0.0,27.797,2.3,52.6
2023-05-13,7.4,15.0,21.8,0.0,26.2,2.4,59.7
2023-05-14,8.5,14.9,21.9,0.074,18.891,1.5,63.6
2023-05-15,6.0,11.9,17.3,1.465,7.515,0.7,89.5
2023-05-16,7.7,11.4,14.8,0.074,9.326,2.2,76.9
2023-05-17,5.8,10.4,15.0,0.0,26.956,2.5,59.4
2023-05-18,2.2,10.3,16.4,0.0,25.887,0.9,63.4
2023-05-19,5.0,12.2,17.6,0.0,21.793,1.7,66.5
2023-05-20,8.7,13.9,19.9,0.0,15.74,2.0,83.5
2023-05-21,11.2,19.4,26.8,0.0,22.961,2.0,64.3
2023-05-22,12.6,19.5,24.9,0.0,24.916,1.8,48.5
2023-05-23,11.0,14.7,21.2,1.192,11.077,1.5,87.1
2023-05-24,7.1,11.8,16.4,0.0,19.732,0.9,75.0
2023-05-25,6.2,14.3,20.7,0.0,26.344,1.2,67.6
2023-05-26,5.7,13.3,19.1,0.0,29.2,1.5,64.0
2023-05-27,3.4,12.9,19.9,0.0,29.592,0.6,62.4
2023-05-28,4.1,15.1,22.2,0.0,29.063,0.5,55.5
2023-05-29,7.5,15.2,21.4,0.0,24.338,1.2,57.5
2023-05-30,5.4,15.0,21.6,0.0,30.453,1.1,56.1
2023-05-31,6.5,16.2,25.0,0.0,27.557,0.4,56.2
2023-06-01,8.3,15.3,21.4,0.0,27.689,1.7,68.2
2023-06-02,7.8,13.3,18.7,0.0,25.629,2.0,59.9
2023-06-03,4.8,12.4,19.2,0.0,29.919,0.9,54.1
2023-06-04,3.1,14.7,22.2,0.0,28.894,0.9,52.0
2023-06-05,8.5,15.5,21.6,0.0,23.667,1.4,64.8
2023-06-06,8.5,15.5,21.6,0.0,23.667,1.4,64.8
2023-06-07,8.5,15.5,21.6,0.0,23.667,1.4,64.8
2023-06-08,8.5,15.5,21.6,0.0,23.667,1.4,64.8
2023-06-09,8.5,15.5,21.6,0.0,23.667,1.4,64.8
2023-06-10,8.5,15.5,21.6,0.0,23.667,1.4,64.8
2023-06-11,8.5,15.5,21.6,0.0,23.667,1.4,64.8
2023-06-12,10.2,18.8,25.1,0.0,27.109,1.5,51.5
2023-06-13,9.0,16.2,22.0,0.0,26.099,2.4,62.7
2023-06-14,9.1,16.4,22.6,0.0,16.031,1.4,68.1
2023-06-15,13.3,17.0,22.2,1.415,17.157,1.5,76.8
2023-06-16,13.2,15.1,17.4,14.374,10.589,1.2,98.4
2023-06-17,12.7,16.2,21.4,3.227,15.727,1.2,90.0
2023-06-18,10.3,18.6,24.6,0.0,24.193,0.6,69.8
2023-06-19,14.3,21.2,28.0,0.0,15.164,0.9,68.5
2023-06-20,14.4,20.8,26.0,3.252,12.103,0.4,86.8
2023-06-21,17.4,22.9,28.3,0.0,21.321,1.6,77.7
2023-06-22,15.9,22.7,28.2,24.379,25.285,1.4,61.7
2023-06-23,15.6,17.1,18.4,17.974,5.196,1.5,99.7
2023-06-24,14.8,19.3,24.7,0.149,27.478,1.3,75.0
2023-06-25,13.7,20.3,25.4,0.0,15.354,0.3,77.1
2023-06-26,16.1,21.5,30.0,23.857,21.407,1.3,78.0
2023-06-27,12.8,15.4,20.0,9.93,18.836,2.3,87.5
2023-06-28,12.1,16.7,22.8,0.074,17.485,2.3,78.0
2023-06-29,10.1,19.0,24.3,0.372,24.037,0.7,72.5
2023-06-30,16.2,18.8,22.3,0.348,9.69,0.6,93.8
2023-07-01,14.6,19.4,24.3,0.149,18.747,1.9,71.1
2023-07-02,14.4,18.7,22.6,0.0,22.718,3.4,63.5
2023-07-03,11.3,17.2,21.6,0.0,18.153,1.8,61.4
2023-07-04,10.9,18.2,22.8,0.0,23.738,2.3,63.3
2023-07-05,9.0,18.4,25.3,0.149,17.411,2.5,57.7
2023-07-06,8.9,17.3,22.8,0.0,26.257,1.3,60.1
2023-07-07,7.8,19.2,27.0,0.0,29.006,0.5,57.2
2023-07-08,10.6,21.9,30.0,0.0,29.266,0.9,50.8
2023-07-09,11.8,22.2,30.6,0.0,27.831,0.6,57.0
2023-07-10,16.0,21.9,30.2,0.248,19.91,1.4,75.0
2023-07-11,12.6,22.2,28.8,0.0,25.925,0.6,56.5
2023-07-12,15.0,23.3,27.9,0.0,21.849,2.4,51.0
2023-07-13,12.5,19.6,26.1,0.372,23.964,1.7,64.6
2023-07-14,10.7,19.4,25.8,0.0,23.754,0.4,58.9
2023-07-15,13.0,25.9,34.7,1.167,26.066,1.5,46.4
2023-07-16,14.1,23.0,28.0,0.0,23.452,2.4,65.3
2023-07-17,12.3,21.1,27.5,0.0,23.451,2.2,52.8
2023-07-18,11.8,18.6,24.8,0.0,26.242,1.3,63.6
2023-07-19,10.2,18.9,26.3,1.415,17.921,1.1,64.9
2023-07-20,10.5,17.1,22.3,0.0,18.521,1.9,71.1
2023-07-21,7.0,14.9,21.8,1.564,10.954,0.2,80.4
2023-07-22,11.3,16.5,22.2,0.397,20.291,2.1,72.3
2023-07-23,13.6,20.0,27.6,0.074,16.008,2.2,61.4
2023-07-24,14.5,21.1,29.5,39.349,18.107,2.2,72.9
2023-07-25,14.6,17.2,20.5,0.149,15.332,1.9,74.0
2023-07-26,12.0,15.1,19.5,3.227,18.302,1.8,80.3
2023-07-27,9.8,15.5,21.0,16.161,13.157,2.0,88.2
2023-07-28,15.8,18.7,22.4,9.111,13.566,2.2,94.8
2023-07-29,14.2,18.9,24.8,6.703,13.358,1.1,94.5
2023-07-30,14.4,18.8,24.3,0.968,20.537,1.9,79.6
2023-07-31,14.3,17.7,21.2,1.589,10.57,2.6,85.7
2023-08-01,14.4,17.6,21.4,4.915,12.044,2.9,92.8
2023-08-02,14.0,18.4,22.8,1.291,15.127,3.3,80.1
2023-08-03,15.7,18.9,22.7,4.891,16.423,3.6,81.6
2023-08-04,13.5,18.3,22.6,0.0,18.941,1.8,78.4
2023-08-05,11.7,17.1,20.9,9.459,14.159,0.8,80.7
2023-08-06,13.5,15.2,16.5,14.051,4.785,1.5,99.7
2023-08-07,13.1,16.2,19.5,0.074,12.648,4.3,72.4
2023-08-08,11.6,14.6,19.3,7.299,17.927,3.2,80.0
2023-08-09,11.0,14.9,19.6,0.074,17.965,1.4,76.5
2023-08-10,8.5,14.9,20.5,0.0,19.457,0.9,74.2
2023-08-11,8.7,17.5,24.3,0.0,23.186,0.6,70.8
2023-08-12,13.4,21.0,27.3,2.383,13.853,1.1,77.4
2023-08-13,16.8,21.3,25.7,0.074,22.476,0.5,69.4
2023-08-14,14.2,21.7,29.4,12.363,20.209,0.6,76.4
2023-08-15,18.2,23.9,30.0,4.568,19.472,0.8,84.4
2023-08-16,18.9,22.7,27.1,0.074,19.712,1.1,80.1
2023-08-17,16.2,20.9,26.1,0.0,18.957,1.5,85.2
2023-08-18,17.3,23.0,28.5,0.0,20.353,0.9,79.2
2023-08-19,17.5,23.7,30.2,0.0,21.391,0.3,79.4
2023-08-20,19.3,24.0,28.6,0.0,21.402,1.0,78.8
2023-08-21,17.4,21.8,26.3,0.0,19.355,0.9,73.8
2023-08-22,13.1,19.4,24.4,0.0,11.04,0.6,78.7
2023-08-23,11.5,19.2,25.9,0.0,21.612,1.0,72.8
2023-08-24,12.3,20.4,26.9,0.472,18.918,0.4,73.2
2023-08-25,18.6,22.6,27.9,0.472,14.139,0.6,82.1
2023-08-26,15.6,19.6,26.0,5.263,14.096,1.3,84.9
2023-08-27,13.2,16.5,19.3,2.483,6.785,0.2,88.1
2023-08-28,11.4,15.4,18.1,0.819,11.513,0.7,87.2
2023-08-29,13.2,14.4,16.2,8.441,5.522,1.4,98.1
2023-08-30,12.0,15.3,19.0,0.472,10.084,0.6,89.2
2023-08-31,11.1,13.9,16.8,3.277,10.241,1.6,91.1
2023-09-01,9.2,14.7,20.7,0.0,17.513,1.4,80.8
2023-09-02,8.1,15.3,21.9,0.0,17.184,0.6,79.4
2023-09-03,10.8,15.9,20.4,0.0,13.579,1.2,77.8
2023-09-04,9.7,17.4,24.5,0.0,21.752,0.5,76.2
2023-09-05,12.2,19.2,26.5,0.0,21.811,1.1,74.4
2023-09-06,10.8,19.6,27.9,0.0,21.694,0.4,71.9
2023-09-07,11.8,19.9,28.0,0.0,21.206,1.1,69.1
2023-09-08,11.0,19.3,27.9,0.0,20.565,0.9,73.0
2023-09-09,10.6,20.0,29.6,0.0,20.223,0.9,72.1
2023-09-10,10.9,20.2,29.9,0.0,20.328,0.3,71.0
2023-09-11,11.4,20.5,29.8,0.0,20.062,0.2,71.1
2023-09-12,12.2,21.8,29.7,11.469,18.557,0.5,65.5
2023-09-13,14.8,18.8,22.4,2.656,12.402,2.3,94.0
2023-09-14,9.3,14.6,19.8,0.0,20.369,1.4,80.3
2023-09-15,7.0,15.1,22.7,0.0,16.519,1.3,79.1
2023-09-16,9.4,17.3,25.4,0.0,18.875,1.1,75.6
2023-09-17,10.1,18.3,26.8,0.0,17.834,0.2,79.7
2023-09-18,13.3,20.4,27.7,0.372,11.067,2.2,76.0
2023-09-19,13.6,17.5,20.9,0.0,14.83,2.7,67.8
2023-09-20,13.2,17.9,25.3,0.0,15.461,2.2,72.8
2023-09-21,13.4,20.3,28.2,0.099,16.853,1.7,73.4
2023-09-22,13.4,15.9,17.6,6.157,3.186,1.6,99.5
2023-09-23,9.8,13.9,17.9,0.0,11.33,1.7,84.1
2023-09-24,6.2,11.8,17.9,0.0,12.048,0.5,89.4
2023-09-25,4.1,12.5,21.6,0.0,14.502,0.7,83.6
2023-09-26,8.3,15.5,23.9,0.124,12.776,0.5,88.1
2023-09-27,11.4,18.1,26.5,0.0,14.332,0.3,84.6
2023-09-28,12.6,18.4,26.2,0.0,14.579,1.2,80.5
2023-09-29,12.2,17.9,21.8,0.968,6.109,0.7,88.7
2023-09-30,9.6,14.9,19.2,0.0,10.846,2.2,80.8
2023-10-01,9.9,15.0,20.2,0.199,9.979,1.0,81.1
2023-10-02,11.0,18.6,20.4,0.0,12.268,0.9,80.2
2023-10-03,11.0,17.6,20.4,8.813,8.531,3.0,79.5
2023-10-04,11.0,13.8,20.4,0.074,7.266,3.0,84.7
2023-10-05,11.0,12.5,20.4,3.947,4.677,2.8,94.3
2023-10-06,11.0,14.7,20.4,1.49,6.182,3.1,86.5
2023-10-07,11.0,14.6,20.4,16.832,1.747,3.4,93.2
2023-10-08,11.0,10.6,20.4,3.997,13.049,0.9,79.9
2023-10-09,7.7,9.1,10.3,0.993,3.061,0.8,98.9
2023-10-10,9.5,12.7,16.0,0.348,5.829,1.2,97.6
2023-10-11,13.6,18.7,23.0,3.004,9.931,2.9,67.3
2023-10-12,11.6,14.7,20.4,1.837,4.31,1.7,87.7
2023-10-13,12.3,17.0,20.7,2.284,4.785,3.3,89.6
2023-10-14,8.9,14.3,19.9,0.472,7.637,3.7,77.3
2023-10-15,6.5,8.3,10.5,0.149,7.074,3.8,82.0
2023-10-16,2.6,6.4,11.0,0.0,8.709,1.8,88.8
2023-10-17,-0.5,4.5,10.8,0.0,7.237,0.2,86.0
2023-10-18,-2.2,5.1,11.6,0.0,11.308,0.6,82.9
2023-10-19,3.8,6.0,7.8,5.561,1.975,2.3,97.8
2023-10-20,4.3,5.3,6.6,9.037,0.767,4.2,99.6
2023-10-21,5.8,10.4,18.2,2.309,6.168,1.6,93.8
2023-10-22,9.0,12.1,16.2,2.259,4.944,0.9,97.1
2023-10-23,5.7,10.1,15.0,0.497,7.295,0.4,94.4
2023-10-24,7.4,10.4,12.6,19.066,2.136,0.6,99.6
2023-10-25,5.8,10.3,12.7,4.543,5.061,0.9,97.3
2023-10-26,8.5,9.2,10.2,6.033,1.453,1.3,99.6
2023-10-27,7.8,8.9,9.7,11.395,1.715,0.6,99.6
2023-10-28,7.8,9.0,10.7,15.193,2.423,0.5,99.6
2023-10-29,7.6,11.1,14.6,6.653,2.341,3.1,96.1
2023-10-30,10.0,12.6,16.0,4.047,5.353,2.1,92.4
2023-10-31,6.8,10.7,13.6,1.117,2.739,2.8,90.7
2023-11-01,6.2,9.8,15.0,0.074,6.196,2.1,87.6
2023-11-02,7.5,10.6,13.6,3.029,4.627,2.7,91.4
2023-11-03,7.1,8.8,9.9,0.074,2.394,1.1,99.2
2023-11-04,5.2,8.4,11.4,1.514,6.724,3.5,82.1
2023-11-05,7.4,9.9,12.2,6.43,3.688,3.4,94.5
2023-11-06,8.5,10.6,13.2,0.223,3.732,3.7,77.0
2023-11-07,6.6,9.2,12.2,0.0,5.345,2.6,88.6
2023-11-08,5.3,7.8,10.1,0.919,2.192,2.2,97.0
2023-11-09,4.5,8.9,12.4,1.266,3.353,3.6,79.2
2023-11-10,5.1,8.0,10.8,0.0,3.651,2.8,94.9
2023-11-11,2.1,5.7,8.2,0.0,2.991,0.8,96.2
2023-11-12,3.9,5.8,7.8,0.794,3.324,0.9,98.2
2023-11-13,2.7,6.0,8.9,6.753,6.018,2.3,89.3
2023-11-14,8.1,10.6,13.2,5.859,2.535,4.2,88.2
2023-11-15,4.2,7.4,9.4,1.514,1.399,2.6,98.6
2023-11-16,0.1,6.0,9.1,0.199,4.183,2.2,92.0
2023-11-17,0.4,3.5,5.1,1.192,1.117,2.8,98.8
2023-11-18,0.7,3.9,5.9,3.773,2.693,1.5,96.7
2023-11-19,3.3,6.9,11.0,12.264,2.065,3.3,98.6
2023-11-20,7.5,9.2,10.6,3.376,1.517,1.1,99.6
2023-11-21,-0.1,2.7,7.4,0.223,0.713,2.7,96.9
2023-11-22,-4.0,-1.1,0.8,0.223,5.43,1.6,81.2
2023-11-23,-0.5,6.3,10.9,5.064,0.722,5.5,91.8
2023-11-24,0.3,4.0,7.3,4.717,2.586,4.7,83.8
2023-11-25,-0.5,0.9,2.3,0.596,2.737,2.9,97.8
2023-11-26,-4.8,-1.6,0.6,0.0,4.404,1.6,87.3
2023-11-27,-4.6,-1.1,1.3,0.621,3.415,1.5,97.2
2023-11-28,-6.6,-2.6,-1.1,0.0,2.881,2.2,96.8
2023-11-29,-5.2,-1.8,0.5,2.731,1.736,3.5,97.7
2023-11-30,-10.0,-4.5,-0.2,0.0,3.679,1.0,96.7
2023-12-01,-12.5,-8.4,-2.6,0.0,5.248,0.6,98.5
2023-12-02,-12.5,-6.8,-2.5,0.447,3.585,1.8,99.5
2023-12-03,-5.5,-2.9,-1.8,0.149,2.641,2.4,99.3
2023-12-04,-8.6,-4.6,-1.7,0.0,2.49,1.9,96.8
2023-12-05,-4.1,-2.3,-1.0,1.837,2.077,3.0,95.5
2023-12-06,-1.1,-0.3,0.8,0.72,1.098,2.1,99.0
2023-12-07,0.0,0.5,1.4,0.149,1.307,0.4,99.5
2023-12-08,0.0,0.6,1.1,0.074,1.523,3.0,99.1
2023-12-09,0.7,2.3,4.9,5.313,1.455,2.6,99.5
2023-12-10,1.3,4.6,7.1,8.888,1.513,3.1,99.3
2023-12-11,2.0,7.4,4.9,6.033,1.23,3.0,99.2
2023-12-12,2.0,4.8,4.9,1.365,0.717,0.7,99.6
2023-12-13,2.0,4.1,4.9,9.657,0.572,1.7,99.6
2023-12-14,2.0,2.4,4.9,0.223,0.562,1.5,99.5
2023-12-15,2.0,2.5,4.9,0.174,1.065,1.5,99.5
2023-12-16,2.0,6.8,4.9,0.0,2.161,2.7,94.9
2023-12-17,2.0,7.8,4.9,0.0,1.299,3.7,95.1
2023-12-18,5.2,6.5,7.3,0.0,0.934,3.3,93.4
2023-12-19,5.4,6.1,6.7,8.639,0.67,3.5,90.3
2023-12-20,3.8,5.1,6.0,14.349,1.214,3.7,98.3
2023-12-21,3.4,6.6,8.6,13.803,0.602,5.5,93.1
2023-12-22,0.9,3.6,4.9,0.397,2.918,7.2,73.6
2023-12-23,0.7,1.6,2.7,7.249,0.563,4.5,93.6
2023-12-24,0.1,5.8,10.7,13.356,0.775,3.8,99.5
2023-12-25,8.0,9.6,10.8,14.597,1.384,4.6,85.1
2023-12-26,4.8,8.2,9.3,1.887,1.231,4.5,86.6
2023-12-27,1.9,3.5,5.0,0.447,3.035,2.7,95.3
2023-12-28,3.0,7.4,10.1,0.0,2.589,3.8,77.9
2023-12-29,6.8,9.2,11.0,3.922,1.667,4.8,76.6
2023-12-30,3.2,6.0,8.6,0.074,2.214,3.1,90.0
2023-12-31,2.7,5.0,6.7,0.621,1.662,2.6,97.1
2024-01-01,2.5,5.4,7.6,1.192,1.99,2.2,96.7
2024-01-02,1.8,4.3,6.6,13.083,0.811,2.8,99.6
2024-01-03,6.8,9.0,11.0,1.092,1.834,3.6,91.4
2024-01-04,0.0,4.1,9.0,2.582,0.912,3.6,98.0
2024-01-05,-0.6,-0.1,0.4,4.866,0.86,2.2,99.5
2024-01-06,-1.8,-0.9,-0.1,0.0,0.405,3.5,95.7
2024-01-07,-8.1,-3.4,-1.4,0.0,1.266,3.2,79.7
2024-01-08,-9.4,-7.9,-5.3,0.0,4.708,2.9,81.5
2024-01-09,-12.5,-9.7,-6.2,0.0,6.924,1.0,94.4
2024-01-10,-11.7,-8.8,-4.1,0.0,6.354,0.7,93.0
2024-01-11,-10.6,-3.3,0.1,0.745,0.754,1.7,99.5
2024-01-12,-1.0,-0.5,0.7,0.149,0.744,2.5,99.5
2024-01-13,0.7,1.5,2.4,4.667,1.208,3.8,99.6
2024-01-14,1.0,2.0,2.8,2.234,1.286,3.8,99.2
2024-01-15,-1.0,0.8,2.5,2.408,1.458,4.5,92.6
2024-01-16,-5.1,-1.5,0.0,0.248,2.393,1.7,97.4
2024-01-17,-6.3,-2.7,-0.7,2.632,4.539,2.4,93.3
2024-01-18,-5.8,-2.6,-1.2,0.0,1.929,1.3,98.6
2024-01-19,-5.6,-1.9,1.6,0.0,3.484,3.1,91.6
2024-01-20,-3.4,0.1,2.5,0.0,2.98,4.0,85.1
2024-01-21,-5.2,-1.2,2.6,0.0,3.166,3.3,66.2
2024-01-22,2.4,6.0,9.4,2.383,1.673,5.1,83.0
2024-01-23,3.2,5.6,7.8,5.76,2.532,4.3,85.2
2024-01-24,3.8,8.2,10.9,6.331,2.146,6.7,85.0
2024-01-25,5.1,7.1,8.2,0.0,1.93,5.4,76.6
2024-01-26,0.4,4.6,8.7,4.32,2.081,3.7,95.1
2024-01-27,0.7,4.6,7.1,0.0,4.921,4.2,86.6
2024-01-28,-2.5,1.6,7.4,0.0,6.794,1.9,91.4
2024-01-29,-0.7,3.4,9.2,0.0,6.017,2.6,74.5
2024-01-30,0.5,4.4,8.1,0.0,4.43,2.0,81.3
2024-01-31,4.0,5.6,8.3,2.036,2.38,3.6,86.7
2024-02-01,3.4,5.8,8.0,0.074,5.229,4.8,78.9
2024-02-02,3.9,5.7,7.9,0.695,1.998,3.9,93.1
2024-02-03,7.1,9.0,10.2,6.827,1.504,4.4,98.6
2024-02-04,5.8,7.1,8.1,13.853,2.07,4.6,83.6
2024-02-05,6.3,9.0,10.0,6.802,0.852,5.4,91.9
2024-02-06,8.2,9.7,10.8,9.806,1.122,5.7,81.9
2024-02-07,-1.3,4.0,9.3,0.124,3.113,3.8,83.3
2024-02-08,-2.4,0.1,3.1,4.469,2.445,1.3,99.3
2024-02-09,0.3,2.2,4.5,8.614,1.063,2.0,99.5
2024-02-10,4.2,8.8,12.8,2.582,5.235,1.8,98.6
2024-02-11,7.1,7.8,8.7,12.636,0.881,2.6,99.6
2024-02-12,4.2,6.6,8.6,0.794,2.599,3.0,95.9
2024-02-13,1.8,5.1,8.5,0.074,5.598,2.4,86.7
2024-02-14,0.3,4.9,8.4,1.291,2.294,2.4,98.9
2024-02-15,8.1,10.1,12.7,0.621,2.336,2.1,99.6
2024-02-16,7.4,10.9,14.4,3.351,4.806,3.1,88.9
2024-02-17,5.7,8.6,11.8,0.074,3.592,3.3,84.2
2024-02-18,1.6,6.5,8.9,3.203,5.622,2.4,81.1
2024-02-19,5.9,7.1,8.2,6.405,2.261,3.5,99.1
2024-02-20,6.5,7.4,8.4,1.688,4.302,2.8,96.8
2024-02-21,6.1,7.8,10.6,0.0,3.806,3.0,91.4
2024-02-22,7.1,8.9,10.8,3.823,1.812,3.7,92.2
2024-02-23,2.7,7.9,11.3,0.074,7.95,3.4,66.0
2024-02-24,-0.8,5.6,11.7,0.0,10.196,2.3,77.0
2024-02-25,0.5,5.2,11.9,4.717,7.624,1.9,85.9
2024-02-26,-1.8,4.1,10.4,0.149,8.475,1.7,95.0
2024-02-27,3.9,4.6,5.4,0.596,1.933,2.7,99.6
2024-02-28,-1.6,2.3,3.9,0.0,1.879,1.6,98.4
2024-02-29,-1.9,3.3,8.3,0.149,11.6,2.5,93.4
2024-03-01,5.4,8.2,11.1,0.447,5.089,1.7,96.4
2024-03-02,6.6,9.4,12.7,0.323,4.335,1.4,96.1
2024-03-03,5.0,9.8,13.1,0.0,6.86,1.9,90.4
2024-03-04,5.4,8.3,11.8,0.0,7.23,2.1,90.3
2024-03-05,-1.4,3.1,5.9,0.0,7.913,1.8,88.2
2024-03-06,-2.9,2.7,6.2,0.0,6.802,1.4,94.9
2024-03-07,-1.4,3.4,7.3,0.0,13.247,2.1,77.2
2024-03-08,-3.7,2.3,8.7,0.0,14.42,1.8,71.9
2024-03-09,-2.2,4.7,10.6,0.0,9.369,2.7,76.4
2024-03-10,2.1,7.5,11.9,0.0,9.323,3.4,79.3
2024-03-11,0.8,6.7,11.6,0.0,11.115,2.6,76.0
2024-03-12,0.8,6.7,11.6,0.0,11.115,2.6,76.0
2024-03-13,0.8,6.7,11.6,0.149,11.115,2.6,76.0
2024-03-14,0.8,6.7,11.6,0.0,11.115,2.6,76.0
2024-03-15,0.8,6.7,11.6,0.0,11.115,2.6,76.0
2024-03-16,0.8,6.7,11.6,3.476,11.115,2.6,76.0
2024-03-17,0.8,6.7,11.6,0.0,11.115,2.6,76.0
2024-03-18,0.8,6.7,11.6,0.0,11.115,2.6,76.0
2024-03-19,0.8,6.7,11.6,0.074,11.115,2.6,76.0
2024-03-20,0.8,6.7,11.6,1.539,11.115,2.6,76.0
2024-03-21,0.8,6.7,11.6,4.369,11.115,2.6,76.0
2024-03-22,0.8,6.7,11.6,7.994,11.115,2.6,76.0
2024-03-23,0.8,6.7,11.6,11.296,11.115,2.6,76.0
2024-03-24,0.8,6.7,11.6,3.898,11.115,2.6,76.0
2024-03-25,0.8,5.5,8.8,1.912,8.761,2.4,92.7
2024-03-26,-0.8,7.1,12.9,0.0,15.086,2.4,66.6
2024-03-27,4.7,12.2,18.9,0.223,15.213,2.7,55.3
2024-03-28,7.8,10.5,14.6,0.0,8.773,3.8,75.6
2024-03-29,3.5,10.6,16.3,0.124,10.159,3.6,69.8
2024-03-30,4.8,13.8,22.6,0.0,13.34,1.2,72.4
2024-03-31,8.9,14.2,20.4,0.0,13.678,1.4,78.1
2024-04-01,7.6,12.8,19.6,0.0,9.358,2.8,78.6
2024-04-02,7.6,11.0,19.6,3.476,9.35,4.1,77.9
2024-04-03,7.6,9.7,19.6,2.234,7.985,2.6,95.9
2024-04-04,7.6,11.6,19.6,7.522,10.956,3.2,90.2
2024-04-05,7.6,13.9,19.6,4.841,13.193,3.0,80.8
2024-04-06,7.6,16.4,19.6,0.074,17.477,1.9,77.3
2024-04-07,7.6,17.8,19.6,0.0,16.679,1.9,71.5
2024-04-08,13.6,18.7,26.6,0.0,15.638,1.5,76.3
2024-04-09,12.4,18.3,26.5,3.426,15.012,2.8,72.5
2024-04-10,5.7,10.8,14.3,0.074,11.845,2.5,78.4
2024-04-11,3.4,11.6,16.7,0.0,15.562,1.9,63.1
2024-04-12,11.4,15.3,18.8,0.0,9.589,1.9,80.5
2024-04-13,11.9,17.2,22.4,0.0,18.419,2.8,72.4
2024-04-14,5.3,14.1,17.1,0.0,15.581,3.4,62.7
2024-04-15,4.8,9.8,14.0,2.656,13.776,2.2,78.6
2024-04-16,4.7,6.3,9.9,1.862,10.102,3.6,90.3
2024-04-17,0.9,5.3,10.0,0.298,13.558,1.8,81.8
2024-04-18,0.2,5.1,10.1,1.738,14.611,1.6,82.0
2024-04-19,2.7,5.4,6.7,5.66,6.409,2.0,98.7
2024-04-20,-1.4,4.5,7.7,0.0,13.535,2.8,81.5
2024-04-21,-2.1,2.8,8.4,0.571,16.734,2.1,73.3
2024-04-22,-2.1,2.3,5.7,0.099,13.905,1.8,78.3
2024-04-23,-1.2,4.6,9.3,0.0,20.681,1.6,68.6
2024-04-24,2.3,6.5,10.3,0.894,14.109,1.8,69.5
2024-04-25,-0.1,4.9,9.8,0.0,14.02,1.9,86.4
2024-04-26,1.0,8.1,14.8,0.0,18.235,2.2,67.6
2024-04-27,1.3,12.7,21.3,0.0,23.071,1.8,56.5
2024-04-28,5.5,15.5,22.6,0.0,20.121,2.3,56.1
2024-04-29,12.4,16.5,21.1,0.0,20.313,1.6,62.9
2024-04-30,9.7,19.6,28.4,0.0,24.786,2.5,59.4
2024-05-01,14.3,20.6,26.0,0.0,25.243,3.2,50.3
2024-05-02,12.6,20.2,26.5,0.0,24.478,3.6,55.9
2024-05-03,11.0,18.0,24.0,0.571,23.394,2.2,72.0
2024-05-04,11.8,15.6,20.3,0.0,21.889,1.6,82.6
2024-05-05,8.3,15.1,19.0,0.099,14.868,2.4,82.9
2024-05-06,10.5,18.0,23.9,0.0,25.036,2.9,57.4
2024-05-07,10.5,18.0,23.9,0.0,25.036,2.9,57.4
2024-05-08,10.5,18.0,23.9,0.0,25.036,2.9,57.4
2024-05-09,10.5,18.0,23.9,0.0,25.036,2.9,57.4
2024-05-10,10.5,18.0,23.9,0.074,25.036,2.9,57.4
2024-05-11,10.5,18.0,23.9,0.0,25.036,2.9,57.4
2024-05-12,10.5,18.0,23.9,0.0,25.036,2.9,57.4
2024-05-13,5.3,15.8,23.4,0.0,28.359,2.1,45.3
2024-05-14,7.5,17.7,24.6,0.0,28.254,2.7,44.1
2024-05-15,10.2,18.6,24.8,0.0,28.231,3.6,46.6
2024-05-16,11.3,19.2,25.8,0.0,28.576,3.8,45.1
2024-05-17,12.6,18.8,24.5,0.0,27.071,3.6,49.2
2024-05-18,11.5,15.7,19.0,0.844,13.246,2.1,79.8
2024-05-19,11.1,15.7,20.2,9.409,16.353,1.3,88.8
2024-05-20,9.0,15.8,21.6,0.844,16.865,1.1,81.9
2024-05-21,12.6,20.3,26.4,0.0,23.051,2.5,65.1
2024-05-22,15.0,19.9,26.5,3.203,13.492,2.6,82.3
2024-05-23,13.3,17.8,23.2,0.074,19.25,1.9,80.3
2024-05-24,11.6,18.7,24.7,1.887,23.259,2.2,71.7
2024-05-25,13.5,18.5,24.4,5.338,22.56,1.5,82.1
2024-05-26,11.2,19.1,26.7,7.473,24.995,1.4,78.5
2024-05-27,11.8,19.8,22.3,2.88,20.834,1.6,79.7
2024-05-28,11.8,15.4,22.3,5.884,9.297,1.2,95.6
2024-05-29,11.8,17.0,22.3,0.0,24.875,2.0,69.5
2024-05-30,11.8,17.4,22.3,0.323,13.921,1.0,84.3
2024-05-31,11.8,17.5,22.3,0.422,19.161,1.0,80.8
2024-06-01,11.8,19.2,22.3,4.444,20.17,1.8,85.8
2024-06-02,11.8,18.3,22.3,8.242,14.45,1.9,92.6
2024-06-03,11.7,14.3,15.8,0.0,8.35,2.1,92.3
2024-06-04,11.0,15.6,19.7,0.0,16.201,1.0,80.2
2024-06-05,10.4,15.8,21.2,3.898,16.753,1.6,86.2
2024-06-06,11.8,15.7,20.4,0.074,25.982,1.2,67.2
2024-06-07,8.6,15.2,20.3,0.074,18.41,1.2,72.1
2024-06-08,7.5,17.9,25.8,0.0,26.259,2.0,58.2
2024-06-09,8.8,15.3,20.8,0.0,29.907,2.0,62.5
2024-06-10,7.6,14.5,19.5,4.32,20.113,1.2,65.5
2024-06-11,8.1,12.8,17.0,0.348,12.828,2.7,77.9
2024-06-12,7.2,12.7,17.6,0.0,23.764,1.9,72.1
2024-06-13,7.3,13.1,18.2,0.0,21.125,1.3,68.2
2024-06-14,6.7,14.1,20.7,0.0,12.453,1.3,76.6
2024-06-15,9.2,16.3,22.7,2.011,15.886,2.3,78.6
2024-06-16,8.4,17.6,24.9,0.199,23.994,1.3,63.7
2024-06-17,13.9,18.8,24.3,1.589,17.859,1.5,77.6
2024-06-18,12.2,19.5,26.9,9.285,20.118,1.1,77.5
2024-06-19,13.4,15.9,18.1,2.433,9.763,1.4,96.0
2024-06-20,9.9,16.8,22.1,0.074,24.644,0.7,74.4
2024-06-21,14.3,20.7,27.9,26.886,15.866,1.4,82.3
2024-06-22,15.2,18.9,22.5,22.989,18.432,2.6,79.3
2024-06-23,13.2,18.3,23.0,0.0,23.473,2.1,70.7
2024-06-24,11.2,18.6,24.2,0.0,26.275,0.8,68.3
2024-06-25,12.4,19.9,25.5,0.0,23.571,1.5,68.5
2024-06-26,14.9,23.3,29.6,0.0,29.114,1.5,66.6
2024-06-27,18.5,25.0,30.9,3.351,23.897,1.4,69.7
2024-06-28,14.4,21.8,28.9,15.615,22.242,1.5,80.8
2024-06-29,13.6,22.4,28.4,6.455,28.973,1.4,65.9
2024-06-30,16.7,21.7,27.1,3.128,15.349,2.5,90.2
2024-07-01,15.8,17.0,28.4,4.99,11.561,1.3,96.1
2024-07-02,15.8,14.9,28.4,0.571,14.669,2.5,95.1
2024-07-03,15.8,14.8,28.4,0.348,13.303,1.9,80.6
2024-07-04,15.8,14.8,28.4,4.022,14.379,2.1,88.0
2024-07-05,15.8,16.1,28.4,0.074,23.658,1.7,68.0
2024-07-06,15.8,20.9,28.4,12.09,25.34,2.6,75.5
2024-07-07,15.8,17.9,28.4,0.0,25.001,1.8,57.9
2024-07-08,10.6,19.1,25.8,0.0,26.361,0.9,62.9
2024-07-09,16.2,24.0,30.2,0.0,27.243,1.4,61.0
2024-07-10,18.9,24.1,30.6,7.199,19.26,1.4,82.4
2024-07-11,17.1,22.0,27.4,1.39,22.512,1.0,83.6
2024-07-12,16.9,20.2,25.2,14.97,9.638,1.4,91.3
2024-07-13,12.8,17.6,22.1,1.167,19.027,2.0,80.9
2024-07-14,11.3,18.8,25.1,0.521,25.935,1.0,72.5
2024-07-15,14.9,22.4,28.8,0.0,28.565,0.8,69.0
2024-07-16,16.1,21.1,27.4,0.472,14.916,1.4,82.3
2024-07-17,14.0,19.8,24.4,0.0,23.905,2.2,70.7
2024-07-18,12.6,19.5,25.6,0.0,27.408,0.8,73.7
2024-07-19,13.0,21.3,28.3,0.0,27.73,0.7,67.3
2024-07-20,15.8,23.2,29.2,0.0,28.581,1.0,61.6
2024-07-21,14.6,24.0,31.4,17.477,26.227,1.0,66.2
2024-07-22,14.5,19.9,22.2,0.72,9.891,1.8,94.9
2024-07-23,11.5,19.0,26.5,7.696,24.432,1.1,76.2
2024-07-24,16.6,19.3,23.4,0.074,22.958,2.1,77.3
2024-07-25,11.8,17.0,21.9,0.0,25.743,1.2,72.1
2024-07-26,11.1,18.8,24.3,0.323,14.983,1.1,74.2
2024-07-27,16.5,19.4,22.5,46.995,8.325,0.2,95.8
2024-07-28,13.9,18.1,22.7,1.465,19.595,2.7,80.9
2024-07-29,11.7,17.7,23.7,0.0,20.355,2.8,72.0
2024-07-30,9.6,18.4,27.1,0.0,13.099,1.1,71.0
2024-07-31,13.0,20.8,28.5,0.0,20.438,1.3,71.0
2024-08-01,15.1,21.1,27.1,0.0,10.234,2.0,66.0
2024-08-02,15.4,18.6,21.7,0.0,23.019,2.1,73.0
2024-08-03,13.0,19.0,25.0,9.756,25.463,1.4,74.0
2024-08-04,15.6,19.4,23.2,16.658,22.818,2.4,85.0
2024-08-05,13.3,18.4,23.4,0.0,15.258,2.8,70.0
2024-08-06,11.2,18.5,25.8,0.0,21.433,1.2,72.0
2024-08-07,12.6,20.8,28.9,12.81,22.576,1.7,71.0
2024-08-08,12.5,18.1,23.7,0.223,20.119,2.5,79.0
2024-08-09,12.2,18.6,24.9,1.341,21.494,2.7,81.0
2024-08-10,15.1,20.4,25.7,0.0,25.534,2.3,72.0
2024-08-11,12.8,18.8,24.8,0.0,24.272,2.5,68.0
2024-08-12,10.6,19.0,27.4,0.0,22.077,1.1,68.0
2024-08-13,13.1,21.1,29.1,0.0,11.582,2.5,58.0
2024-08-14,14.4,22.8,31.1,4.767,21.726,2.8,63.0
2024-08-15,16.9,22.9,28.9,0.074,17.866,1.9,80.0
2024-08-16,15.5,22.9,30.3,0.0,20.222,2.4,71.0
2024-08-17,16.8,22.8,28.7,0.0,18.24,1.5,75.0
2024-08-18,16.6,20.9,25.2,0.0,15.012,3.2,81.0
2024-08-19,11.7,17.8,23.8,0.0,11.0,2.7,70.0
2024-08-20,9.8,18.1,26.4,3.823,10.0,1.8,73.0
2024-08-21,12.5,17.8,23.0,0.149,13.021,4.2,66.0
2024-08-22,12.2,17.8,23.3,0.0,10.75,2.5,64.0
2024-08-23,14.2,22.2,30.1,0.0,11.666,3.7,51.0
2024-08-24,13.8,22.7,31.5,0.0,11.985,3.4,61.0
2024-08-25,11.2,18.6,26.0,0.0,14.577,3.2,65.0
2024-08-26,9.9,17.7,25.5,0.0,15.886,1.3,68.0
2024-08-27,9.8,18.2,26.5,0.0,14.0,1.8,64.0
2024-08-28,11.9,21.1,30.3,0.0,15.917,2.6,65.0
2024-08-29,17.2,25.6,34.0,0.0,11.167,1.7,67.0
2024-08-30,16.2,23.3,30.3,0.348,12.116,3.1,69.0
2024-08-31,13.8,18.7,23.6,0.0,16.251,2.9,70.0
