X,Y,id,Clay_0,Silt_0,Sand_0,Clay_30,Silt_30,Sand_30,Clay_60,Silt_60,Sand_60,00-30_Clas,00-30_Cl_1,30-60_Clas,30-60_Cl_1,60-90_Clas,60-90_Cl_1,00-30_Nmin,00-30_Wate,30-60_Nmin,30-60_Wate,60-90_Nmin,60-90_Wate,Corg_0,Corg_30,Corg_60,Bulk_Density_0,Bulk_Density_30,Bulk_Density_60
851738.26,5836339.828,1,24.21017336,15.94423108,59.84559556,24.51997628,15.52527987,59.95474385,19.11625892,24.4887913,56.39494978,Su2,,Sl2,,Sl3,,8.685170226,0.136335805,4.731530898,0.120944958,5.801935729,0.098515568,0.1,0.1,0.1,1.85,1.85,1.85
851768.1765,5836338.505,2,2.369694996,9.581716894,88.04858811,3.491695576,12.73152502,83.77677941,2.048505818,6.379981059,91.57151312,Ss,fSms,Su2,,Ss,fSms,6.792788049,0.129733034,5.886664694,0.122970642,11.51653285,0.16495745,8.1,11.4,2.8,1.5,1.7,1.7
851798.4272,5836336.908,3,2.363658566,9.06075391,88.57558752,3.723876758,20.48889415,75.78722909,5.303481097,14.6958378,80.00068111,Ss,fSms,Su2,,Sl2,,4.795563809,0.118331886,1.661912134,0.095248795,6.746149284,0.093330154,7.2,1.4,0.4,1.5,1.7,1.7
851858.5136,5836334.062,4,6.752169451,19.26593672,73.98189383,8.332109951,13.34444757,78.32344248,9.625424938,10.85738117,79.5171939,Sl2,,Sl3,,Sl3,,6.036236957,0.107679596,2.509045378,0.109252524,0.948624096,0.122724433,7.5,0.7,0.8,1.5,1.7,1.7
851828.5011,5836335.357,5,3.504421795,12.7477032,83.747875,2.909838182,10.86606776,86.22409406,0.692192002,3.98371992,95.32408808,Su2,,Su2,,Su2,,8.324897622,0.116784563,0.821813837,0.092013722,2.927570726,0.129113286,6.1,2.8,2,1.5,1.7,1.7
851888.6069,5836332.542,6,2.271202248,10.7873251,86.94147265,0.950054831,9.997345913,89.05259926,6.077900599,14.64390073,79.27819867,Su2,,Ss,mSfs,Sl2,,12.00795735,0.091358583,1.401190227,0.075427776,2.004368078,0.09848948,5,0.8,0.8,1.5,1.7,1.7
851918.6485,5836330.988,7,1.246499183,15.21669923,83.53680159,3.003353483,13.48999287,83.50665364,2.857845678,18.76782355,78.37433077,Su2,,Su2,,Su2,,6.741140884,0.117427516,0,0.086055948,2.811160593,0.097392029,5.9,2.4,1.2,1.5,1.7,1.7
851948.7604,5836329.42,8,3.557321646,14.08045821,82.36222015,2.269228945,14.32843952,83.40233154,9.884451906,18.31265075,71.80289735,Su2,,Su2,,Sl3,,5.49777994,0.121854176,0.469578096,0.092437168,8.172266714,0.122917647,7.3,1.4,1.1,1.5,1.7,1.7
851978.8589,5836328.041,9,3.727587508,13.38533468,82.88707781,2.305733229,12.18929328,85.50497349,2.991885547,12.02360067,84.98451379,Su2,,Su2,,Su2,,7.082782803,0.116107959,0.890872301,0.078233108,2.678032909,0.094505985,7.1,2.9,0.7,1.5,1.7,1.7
852008.9371,5836326.671,10,4.237400854,10.42556122,85.33703793,2.899416098,8.21572102,88.88486288,4.696522745,9.326537357,85.9769399,Su2,,Ss,fSms,Ss,mSfs,5.88732088,0.106466754,0.665512778,0.079819556,11.79637441,0.093557393,6.9,3.1,0.7,1.5,1.7,1.7
851736.6783,5836319.125,11,1.051141107,5.938784024,93.01007487,0.352679649,5.872539434,93.77478092,0.73975211,15.82416737,83.43608052,Ss,fSms,Ss,fSms,Su2,,6.951501783,0.0891761,2.10810375,0.066358442,0.504359935,0.05104353,5.2,0.9,0.4,1.5,1.7,1.7
851766.5955,5836317.792,12,1.271635274,6.324732642,92.40363208,0.770410767,5.448401781,93.78118745,0.29121397,4.628298831,95.0804872,Ss,fSms,Ss,fSms,Ss,fSms,5.922742409,0.10134566,0.685927774,0.060512418,10.86436515,0.11929465,7.2,1.4,0.4,1.5,1.7,1.7
851796.8463,5836316.195,13,2.816670736,8.935374709,88.24795456,4.22847386,12.36326723,83.40825891,7.194981441,8.562126526,84.24289203,Ss,fSms,Su2,,St2,,5.273094137,0.113667706,1.980474125,0.099574633,12.71529076,0.130806836,8.2,2.1,0.8,1.5,1.7,1.7
851826.9202,5836314.643,14,4.000426188,13.85357362,82.14600019,2.789968421,16.71592188,80.4941097,3.588820171,22.4022324,74.00894743,Su2,,Su2,,Su2,,6.719642527,0.12598376,1.778692435,0.101380543,1.655446336,0.125845797,8.2,2.6,1,1.5,1.7,1.7
851856.9327,5836313.348,15,2.658010398,7.87089839,89.47109122,8.807613145,7.17769943,84.01468743,6.247309802,7.12367462,86.62901558,Su2,,Sl3,,Su3,,6.162711771,0.132334178,4.070681353,0.127027872,3.216378946,0.135277769,6.6,1.9,0.9,1.5,1.7,1.7
851887.026,5836311.828,16,5.459420071,13.56911601,80.97146392,3.65203534,18.30947886,78.0384858,10.15928602,11.10926885,78.73144514,Sl2,,Sl4,,Sl3,,7.226648148,0.137240615,6.333242689,0.123680748,11.57314752,0.088727283,7.6,1.8,0.9,1.5,1.7,1.7
851917.0676,5836310.274,17,2.044279102,14.38813298,83.56758792,1.364362382,6.70055133,91.93508629,3.132196146,11.90500254,84.96280131,Su2,,Ss,mSfs,Su2,,6.176689699,0.119058494,1.698001556,0.066031746,3.068184275,0.112435035,6.7,2.5,0.5,1.5,1.7,1.7
851947.1795,5836308.706,18,1.853803862,12.55703072,85.58916542,1.489483309,11.48281586,87.02770083,1.336375296,11.43354831,87.2300764,Su2,,Su2,,Su2,,14.0546978,0.117839467,1.209622635,0.092360733,10.48020271,0.116416891,7.6,1.6,0.8,1.5,1.7,1.7
851977.277,5836307.337,19,3.231924297,12.51070171,84.257374,2.614338693,11.39467939,85.99098191,8.714967193,23.25712972,68.02790309,Su2,,Su2,,Sl3,,10.08083751,0.116884193,1.618722546,0.084963221,7.60062634,0.110554797,7.1,2.6,1.1,1.5,1.7,1.7
852007.3562,5836305.957,20,2.683135245,12.27424061,85.04262415,6.148057348,13.84262943,80.00931322,7.243433264,13.35440517,79.40216157,Su2,,Sl2,,Sl2,,4.995720845,0.118298368,2.074007513,0.099245749,0.831360806,0.05095141,5.8,1.7,0.7,1.5,1.7,1.7
851735.134,5836298.314,21,1.673746213,4.656043098,93.67021069,1.359266965,4.297903402,94.34282963,3.203874634,7.064326101,89.73179927,Ss,mSfs,Ss,mSfs,Ss,mSfs,8.202155146,0.095344228,0.971873597,0.073154719,0.617354911,0.05688722,7.9,2.7,0.8,1.5,1.7,1.7
851765.0514,5836296.981,22,2.352513421,5.269098765,92.37838781,2.363553039,5.100185485,92.53626148,1.713909768,9.44846031,88.83762992,Ss,mSfs,Ss,mSfs,Ss,fSms,2.799543075,0.08609853,0.620724925,0.061036412,15.80480037,0.139296605,8,3,0.6,1.5,1.7,1.7
851795.3021,5836295.384,23,1.211389921,13.40726297,85.38134711,5.522273183,15.00444408,84.47328274,7.9602303,5.80735624,86.23241346,Su2,,Su3,,Ls4,,12.77946541,0.119534234,3.208735347,0.107594319,5.996270283,0.13616713,7.4,2.8,1.3,1.5,1.7,1.7
851825.3751,5836293.842,24,3.751719005,7.06718083,89.18110017,8.770756035,8.87647624,82.35276772,10.62209859,5.06053622,84.3173652,Su2,,Sl3,,Sl3,,11.33530723,0.151498314,5.96655859,0.13159356,2.365188139,0.097197756,7.3,2.2,0.9,1.5,1.7,1.7
851855.3876,5836292.547,25,2.789712994,11.69000853,85.52027848,2.579788835,12.61519047,84.8050207,1.68919122,10.36976812,87.94104066,Su2,,Su2,,Su2,,6.351647855,0.117993698,1.829106559,0.082555495,1.638167944,0.077961895,8.2,1.4,0.5,1.5,1.7,1.7
851885.4818,5836291.018,26,1.643026991,12.38299444,85.97397857,2.256050769,12.74163861,85.00231062,0.612886933,14.20397885,85.18313422,Su2,,Su2,,Su2,,7.998745661,0.106239147,0.886088982,0.073447836,6.756778784,0.101261089,4.9,1.2,0.4,1.5,1.7,1.7
851915.5227,5836289.473,27,2.898468295,11.67845838,85.42307333,1.691707586,10.90495518,87.40333724,4.274688587,13.14893426,82.57637715,Su2,,Su2,,Su2,,4.845658125,0.094328014,1.008376299,0.07315871,4.322226372,0.15887021,5.2,1.8,0.8,1.5,1.7,1.7
851945.6353,5836287.895,28,3.34373899,15.83093631,80.8253247,10.38371542,21.42242134,68.19386324,10.87238824,27.78300703,61.34460473,Su2,,Sl3,,Sl3,,5.558315331,0.156440403,4.702552967,0.151810801,7.257123177,0.130110609,6.1,2.2,0.9,1.5,1.7,1.7
851975.7329,5836286.527,29,4.195319751,16.13623377,79.66844648,3.946195388,21.32410222,74.7297024,7.632055359,24.37730867,67.99063597,Su2,,Su2,,Sl2,,6.842297824,0.123407141,1.971990388,0.113705429,7.32575145,0.103663787,6.5,2.4,1.4,1.5,1.7,1.7
852005.8112,5836285.156,30,4.210173359,15.94423108,79.84559556,5.519976279,15.52527987,78.95474385,9.11625892,34.4887913,56.39494978,Su2,,Sl2,,Sl3,,8.685170226,0.136335805,4.731530898,0.120944958,5.801935729,0.098515568,1.1,2.2,1.1,1.5,1.7,1.7
851737.9654,5836336.98,31,4.210173359,15.94423108,79.84559556,5.519976279,15.52527987,78.95474385,9.11625892,34.4887913,56.39494978,Su2,,Sl2,,Sl3,,8.685170226,0.136335805,4.731530898,0.120944958,5.801935729,0.098515568,1.1,2.2,1.1,1.5,1.7,1.7
851767.8826,5836335.647,32,2.369694996,9.581716894,88.04858811,3.491695576,12.73152502,83.77677941,2.048505818,6.379981059,91.57151312,Ss,fSms,Su2,,Ss,fSms,6.792788049,0.129733034,5.886664694,0.122970642,11.51653285,0.16495745,8.1,11.4,2.8,1.5,1.7,1.7
851798.1326,5836334.06,33,2.363658566,9.06075391,88.57558752,3.723876758,20.48889415,75.78722909,5.303481097,14.6958378,80.00068111,Ss,fSms,Su2,,Sl2,,4.795563809,0.118331886,1.661912134,0.095248795,6.746149284,0.093330154,7.2,1.4,0.4,1.5,1.7,1.7
851828.2064,5836332.508,34,3.504421795,12.7477032,83.747875,2.909838182,16.86606776,80.22409406,2.692192002,24.98371992,72.32408808,Su2,,Su2,,Su2,,8.324897622,0.116784563,0.821813837,0.092013722,2.927570726,0.129113286,6.1,2.8,2,1.5,1.7,1.7
851858.2189,5836331.213,35,6.752169451,9.26593672,83.98189383,3.332109951,8.34444757,88.32344248,2.625424938,10.85738117,88.5171939,Sl2,,Sl3,,Sl3,,6.036236957,0.107679596,2.509045378,0.109252524,0.948624096,0.122724433,7.5,0.7,0.8,1.5,1.7,1.7
851888.3123,5836329.693,36,2.271202248,10.7873251,86.94147265,0.950054831,9.997345913,89.05259926,6.077900599,14.64390073,79.27819867,Su2,,Ss,mSfs,Sl2,,12.00795735,0.091358583,1.401190227,0.075427776,2.004368078,0.09848948,5,0.8,0.8,1.5,1.7,1.7
851918.3539,5836328.139,37,1.246499183,15.21669923,83.53680159,3.003353483,13.48999287,83.50665364,2.857845678,18.76782355,78.37433077,Su2,,Su2,,Su2,,6.741140884,0.117427516,0,0.086055948,2.811160593,0.097392029,5.9,2.4,1.2,1.5,1.7,1.7
851948.4666,5836326.561,38,3.557321646,14.08045821,82.36222015,2.269228945,14.32843952,83.40233154,9.884451906,18.31265075,71.80289735,Su2,,Su2,,Sl3,,5.49777994,0.121854176,0.469578096,0.092437168,8.172266714,0.122917647,7.3,1.4,1.1,1.5,1.7,1.7
851978.5641,5836325.192,39,3.727587508,13.38533468,82.88707781,2.305733229,12.18929328,85.50497349,2.991885547,12.02360067,84.98451379,Su2,,Su2,,Su2,,7.082782803,0.116107959,0.890872301,0.078233108,2.678032909,0.094505985,7.1,2.9,0.7,1.5,1.7,1.7
852008.6425,5836323.822,40,4.237400854,10.42556122,85.33703793,2.899416098,8.21572102,88.88486288,4.696522745,9.326537357,85.9769399,Su2,,Ss,fSms,Ss,mSfs,5.88732088,0.106466754,0.665512778,0.079819556,11.79637441,0.093557393,6.9,3.1,0.7,1.5,1.7,1.7
851736.4286,5836316.019,41,1.051141107,5.938784024,93.01007487,0.352679649,5.872539434,93.77478092,0.73975211,15.82416737,83.43608052,Ss,fSms,Ss,fSms,Su2,,6.951501783,0.0891761,2.10810375,0.066358442,0.504359935,0.05104353,5.2,0.9,0.4,1.5,1.7,1.7
851766.3451,5836314.696,42,1.271635274,6.324732642,92.40363208,0.770410767,5.448401781,93.78118745,0.29121397,4.628298831,95.0804872,Ss,fSms,Ss,fSms,Ss,fSms,5.922742409,0.10134566,0.685927774,0.060512418,10.86436515,0.11929465,7.2,1.4,0.4,1.5,1.7,1.7
851796.5958,5836313.099,43,2.816670736,8.935374709,88.24795456,4.22847386,12.36326723,83.40825891,7.194981441,8.562126526,84.24289203,Ss,fSms,Su2,,St2,,5.273094137,0.113667706,1.980474125,0.099574633,12.71529076,0.130806836,8.2,2.1,0.8,1.5,1.7,1.7
851826.6696,5836311.547,44,4.000426188,13.85357362,82.14600019,2.789968421,16.71592188,80.4941097,3.588820171,22.4022324,74.00894743,Su2,,Su2,,Su2,,6.719642527,0.12598376,1.778692435,0.101380543,1.655446336,0.125845797,8.2,2.6,1,1.5,1.7,1.7
851856.6821,5836310.252,45,2.658010398,17.87089839,79.47109122,8.807613145,27.17769943,64.01468743,6.247309802,27.12367462,66.62901558,Su2,,Sl3,,Su3,,6.162711771,0.132334178,4.070681353,0.127027872,3.216378946,0.135277769,6.6,1.9,0.9,1.5,1.7,1.7
851886.7755,5836308.732,46,5.459420071,13.56911601,80.97146392,3.65203534,8.30947886,88.0384858,1.15928602,11.10926885,88.73144514,Sl2,,Sl4,,Sl3,,7.226648148,0.137240615,6.333242689,0.123680748,11.57314752,0.088727283,7.6,1.8,0.9,1.5,1.7,1.7
851916.8172,5836307.178,47,2.044279102,14.38813298,83.56758792,1.364362382,6.70055133,91.93508629,3.132196146,11.90500254,84.96280131,Su2,,Ss,mSfs,Su2,,6.176689699,0.119058494,1.698001556,0.066031746,3.068184275,0.112435035,6.7,2.5,0.5,1.5,1.7,1.7
851946.9289,5836305.61,48,1.853803862,12.55703072,85.58916542,1.489483309,11.48281586,87.02770083,1.336375296,11.43354831,87.2300764,Su2,,Su2,,Su2,,14.0546978,0.117839467,1.209622635,0.092360733,10.48020271,0.116416891,7.6,1.6,0.8,1.5,1.7,1.7
851977.0274,5836304.231,49,3.231924297,12.51070171,84.257374,2.614338693,11.39467939,85.99098191,8.714967193,23.25712972,68.02790309,Su2,,Su2,,Sl3,,10.08083751,0.116884193,1.618722546,0.084963221,7.60062634,0.110554797,7.1,2.6,1.1,1.5,1.7,1.7
852007.1057,5836302.861,50,2.683135245,12.27424061,85.04262415,6.148057348,13.84262943,80.00931322,7.243433264,13.35440517,79.40216157,Su2,,Sl2,,Sl2,,4.995720845,0.118298368,2.074007513,0.099245749,0.831360806,0.05095141,5.8,1.7,0.7,1.5,1.7,1.7
851735.5592,5836304.219,51,1.673746213,4.656043098,93.67021069,1.359266965,4.297903402,94.34282963,3.203874634,7.064326101,89.73179927,Ss,mSfs,Ss,mSfs,Ss,mSfs,8.202155146,0.095344228,0.971873597,0.073154719,0.617354911,0.05688722,7.9,2.7,0.8,1.5,1.7,1.7
851765.4757,5836302.895,52,2.352513421,5.269098765,92.37838781,2.363553039,5.100185485,92.53626148,1.713909768,9.44846031,88.83762992,Ss,mSfs,Ss,mSfs,Ss,fSms,2.799543075,0.08609853,0.620724925,0.061036412,15.80480037,0.139296605,8,3,0.6,1.5,1.7,1.7
851795.7265,5836301.298,53,1.211389921,13.40726297,85.38134711,5.522273183,5.00444408,89.47328274,7.9602303,15.80735624,86.23241346,Su2,,Su3,,Ls4,,12.77946541,0.119534234,3.208735347,0.107594319,5.996270283,0.13616713,7.4,2.8,1.3,1.5,1.7,1.7
851825.8003,5836299.747,54,3.751719005,7.06718083,89.18110017,8.770756035,8.87647624,82.35276772,10.62209859,5.06053622,84.3173652,Su2,,Sl3,,Sl3,,11.33530723,0.151498314,5.96655859,0.13159356,2.365188139,0.097197756,7.3,2.2,0.9,1.5,1.7,1.7
851855.8128,5836298.452,55,2.789712994,11.69000853,85.52027848,2.579788835,12.61519047,84.8050207,1.68919122,10.36976812,87.94104066,Su2,,Su2,,Su2,,6.351647855,0.117993698,1.829106559,0.082555495,1.638167944,0.077961895,8.2,1.4,0.5,1.5,1.7,1.7
851885.9061,5836296.932,56,1.643026991,12.38299444,85.97397857,2.256050769,12.74163861,85.00231062,0.612886933,14.20397885,85.18313422,Su2,,Su2,,Su2,,7.998745661,0.106239147,0.886088982,0.073447836,6.756778784,0.101261089,4.9,1.2,0.4,1.5,1.7,1.7
851915.9478,5836295.378,57,2.898468295,11.67845838,85.42307333,1.691707586,10.90495518,87.40333724,4.274688587,13.14893426,82.57637715,Su2,,Su2,,Su2,,4.845658125,0.094328014,1.008376299,0.07315871,4.322226372,0.15887021,5.2,1.8,0.8,1.5,1.7,1.7
851946.0596,5836293.809,58,3.34373899,15.83093631,80.8253247,10.38371542,21.42242134,68.19386324,10.87238824,27.78300703,61.34460473,Su2,,Sl3,,Sl3,,5.558315331,0.156440403,4.702552967,0.151810801,7.257123177,0.130110609,6.1,2.2,0.9,1.5,1.7,1.7
851976.158,5836292.431,59,4.195319751,16.13623377,79.66844648,3.946195388,21.32410222,74.7297024,7.632055359,24.37730867,67.99063597,Su2,,Su2,,Sl2,,6.842297824,0.123407141,1.971990388,0.113705429,7.32575145,0.103663787,6.5,2.4,1.4,1.5,1.7,1.7
852006.2364,5836291.061,60,4.210173359,15.94423108,79.84559556,5.519976279,15.52527987,78.95474385,9.11625892,34.4887913,56.39494978,Su2,,Sl2,,Sl3,,8.685170226,0.136335805,4.731530898,0.120944958,5.801935729,0.098515568,1.1,2.2,1.1,1.5,1.7,1.7
851737.733,5836333.825,61,4.210173359,25.94423108,69.84559556,5.519976279,15.52527987,78.95474385,9.11625892,34.4887913,56.39494978,Su2,,Sl2,,Sl3,,8.685170226,0.136335805,4.731530898,0.120944958,5.801935729,0.098515568,1.1,2.2,1.1,1.5,1.7,1.7
851767.6503,5836332.492,62,2.369694996,9.581716894,88.04858811,3.491695576,12.73152502,83.77677941,2.048505818,6.379981059,91.57151312,Ss,fSms,Su2,,Ss,fSms,6.792788049,0.129733034,5.886664694,0.122970642,11.51653285,0.16495745,8.1,11.4,2.8,1.5,1.7,1.7
851797.9011,5836330.895,63,2.363658566,9.06075391,88.57558752,3.723876758,20.48889415,75.78722909,5.303481097,14.6958378,80.00068111,Ss,fSms,Su2,,Sl2,,4.795563809,0.118331886,1.661912134,0.095248795,6.746149284,0.093330154,7.2,1.4,0.4,1.5,1.7,1.7
851827.9741,5836329.353,64,3.504421795,12.7477032,83.747875,2.909838182,16.86606776,80.22409406,2.692192002,24.98371992,72.32408808,Su2,,Su2,,Su2,,8.324897622,0.116784563,0.821813837,0.092013722,2.927570726,0.129113286,6.1,2.8,2,1.5,1.7,1.7
851857.9866,5836328.058,65,6.752169451,9.26593672,83.98189383,8.332109951,3.34444757,88.32344248,2.625424938,10.85738117,87.5171939,Sl2,,Sl3,,Sl3,,6.036236957,0.107679596,2.509045378,0.109252524,0.948624096,0.122724433,7.5,0.7,0.8,1.5,1.7,1.7
851888.0807,5836326.529,66,2.271202248,10.7873251,86.94147265,0.950054831,9.997345913,89.05259926,6.077900599,14.64390073,79.27819867,Su2,,Ss,mSfs,Sl2,,12.00795735,0.091358583,1.401190227,0.075427776,2.004368078,0.09848948,5,0.8,0.8,1.5,1.7,1.7
851918.1224,5836324.974,67,1.246499183,15.21669923,83.53680159,3.003353483,13.48999287,83.50665364,2.857845678,18.76782355,78.37433077,Su2,,Su2,,Su2,,6.741140884,0.117427516,0,0.086055948,2.811160593,0.097392029,5.9,2.4,1.2,1.5,1.7,1.7
851948.2342,5836323.406,68,3.557321646,14.08045821,82.36222015,2.269228945,14.32843952,83.40233154,9.884451906,18.31265075,71.80289735,Su2,,Su2,,Sl3,,5.49777994,0.121854176,0.469578096,0.092437168,8.172266714,0.122917647,7.3,1.4,1.1,1.5,1.7,1.7
851978.3318,5836322.038,69,3.727587508,13.38533468,82.88707781,2.305733229,12.18929328,85.50497349,2.991885547,12.02360067,84.98451379,Su2,,Su2,,Su2,,7.082782803,0.116107959,0.890872301,0.078233108,2.678032909,0.094505985,7.1,2.9,0.7,1.5,1.7,1.7
852008.4101,5836320.667,70,4.237400854,10.42556122,85.33703793,2.899416098,8.21572102,88.88486288,4.696522745,9.326537357,85.9769399,Su2,,Ss,fSms,Ss,mSfs,5.88732088,0.106466754,0.665512778,0.079819556,11.79637441,0.093557393,6.9,3.1,0.7,1.5,1.7,1.7
851736.9199,5836322.23,71,1.051141107,5.938784024,93.01007487,0.352679649,5.872539434,93.77478092,0.73975211,15.82416737,83.43608052,Ss,fSms,Ss,fSms,Su2,,6.951501783,0.0891761,2.10810375,0.066358442,0.504359935,0.05104353,5.2,0.9,0.4,1.5,1.7,1.7
851766.8372,5836320.897,72,1.271635274,6.324732642,92.40363208,0.770410767,5.448401781,93.78118745,0.29121397,4.628298831,95.0804872,Ss,fSms,Ss,fSms,Ss,fSms,5.922742409,0.10134566,0.685927774,0.060512418,10.86436515,0.11929465,7.2,1.4,0.4,1.5,1.7,1.7
851797.088,5836319.3,73,2.816670736,8.935374709,88.24795456,4.22847386,12.36326723,83.40825891,7.194981441,8.562126526,84.24289203,Ss,fSms,Su2,,St2,,5.273094137,0.113667706,1.980474125,0.099574633,12.71529076,0.130806836,8.2,2.1,0.8,1.5,1.7,1.7
851827.161,5836317.759,74,4.000426188,13.85357362,82.14600019,2.789968421,16.71592188,80.4941097,3.588820171,22.4022324,74.00894743,Su2,,Su2,,Su2,,6.719642527,0.12598376,1.778692435,0.101380543,1.655446336,0.125845797,8.2,2.6,1,1.5,1.7,1.7
851857.1735,5836316.463,75,2.658010398,17.87089839,79.47109122,8.807613145,27.17769943,64.01468743,6.247309802,27.12367462,66.62901558,Su2,,Sl3,,Su3,,6.162711771,0.132334178,4.070681353,0.127027872,3.216378946,0.135277769,6.6,1.9,0.9,1.5,1.7,1.7
851887.2668,5836314.944,76,5.459420071,13.56911601,80.97146392,3.65203534,18.30947886,78.0384858,9.15928602,11.10926885,80.73144514,Sl2,,Sl4,,Sl3,,7.226648148,0.137240615,6.333242689,0.123680748,11.57314752,0.088727283,7.6,1.8,0.9,1.5,1.7,1.7
851917.3084,5836313.39,77,2.044279102,14.38813298,83.56758792,1.364362382,6.70055133,91.93508629,3.132196146,11.90500254,84.96280131,Su2,,Ss,mSfs,Su2,,6.176689699,0.119058494,1.698001556,0.066031746,3.068184275,0.112435035,6.7,2.5,0.5,1.5,1.7,1.7
851947.4211,5836311.811,78,1.853803862,12.55703072,85.58916542,1.489483309,11.48281586,87.02770083,1.336375296,11.43354831,87.2300764,Su2,,Su2,,Su2,,14.0546978,0.117839467,1.209622635,0.092360733,10.48020271,0.116416891,7.6,1.6,0.8,1.5,1.7,1.7
851977.5187,5836310.443,79,3.231924297,12.51070171,84.257374,2.614338693,11.39467939,85.99098191,8.714967193,23.25712972,68.02790309,Su2,,Su2,,Sl3,,10.08083751,0.116884193,1.618722546,0.084963221,7.60062634,0.110554797,7.1,2.6,1.1,1.5,1.7,1.7
852007.597,5836309.073,80,2.683135245,12.27424061,85.04262415,6.148057348,13.84262943,80.00931322,7.243433264,13.35440517,79.40216157,Su2,,Sl2,,Sl2,,4.995720845,0.118298368,2.074007513,0.099245749,0.831360806,0.05095141,5.8,1.7,0.7,1.5,1.7,1.7
851735.3335,5836301.175,81,1.673746213,4.656043098,93.67021069,1.359266965,4.297903402,94.34282963,3.203874634,7.064326101,89.73179927,Ss,mSfs,Ss,mSfs,Ss,mSfs,8.202155146,0.095344228,0.971873597,0.073154719,0.617354911,0.05688722,7.9,2.7,0.8,1.5,1.7,1.7
851765.2508,5836299.841,82,2.352513421,5.269098765,92.37838781,2.363553039,5.100185485,92.53626148,1.713909768,9.44846031,88.83762992,Ss,mSfs,Ss,mSfs,Ss,fSms,2.799543075,0.08609853,0.620724925,0.061036412,15.80480037,0.139296605,8,3,0.6,1.5,1.7,1.7
851795.5015,5836298.244,83,1.211389921,13.40726297,85.38134711,5.522273183,5.00444408,89.47328274,4.9602303,5.80735624,89.23241346,Su2,,Su3,,Ls4,,12.77946541,0.119534234,3.208735347,0.107594319,5.996270283,0.13616713,7.4,2.8,1.3,1.5,1.7,1.7
851825.5754,5836296.693,84,3.751719005,7.06718083,89.18110017,8.770756035,8.87647624,82.35276772,10.62209859,5.06053622,84.3173652,Su2,,Sl3,,Sl3,,11.33530723,0.151498314,5.96655859,0.13159356,2.365188139,0.097197756,7.3,2.2,0.9,1.5,1.7,1.7
851855.5879,5836295.398,85,2.789712994,11.69000853,85.52027848,2.579788835,12.61519047,84.8050207,1.68919122,10.36976812,87.94104066,Su2,,Su2,,Su2,,6.351647855,0.117993698,1.829106559,0.082555495,1.638167944,0.077961895,8.2,1.4,0.5,1.5,1.7,1.7
851885.6813,5836293.878,86,1.643026991,12.38299444,85.97397857,2.256050769,12.74163861,85.00231062,0.612886933,14.20397885,85.18313422,Su2,,Su2,,Su2,,7.998745661,0.106239147,0.886088982,0.073447836,6.756778784,0.101261089,4.9,1.2,0.4,1.5,1.7,1.7
851915.7229,5836292.324,87,2.898468295,11.67845838,85.42307333,1.691707586,10.90495518,87.40333724,4.274688587,13.14893426,82.57637715,Su2,,Su2,,Su2,,4.845658125,0.094328014,1.008376299,0.07315871,4.322226372,0.15887021,5.2,1.8,0.8,1.5,1.7,1.7
851945.8347,5836290.756,88,3.34373899,15.83093631,80.8253247,10.38371542,21.42242134,68.19386324,10.87238824,27.78300703,61.34460473,Su2,,Sl3,,Sl3,,5.558315331,0.156440403,4.702552967,0.151810801,7.257123177,0.130110609,6.1,2.2,0.9,1.5,1.7,1.7
851975.9332,5836289.377,89,4.195319751,16.13623377,79.66844648,3.946195388,21.32410222,74.7297024,7.632055359,24.37730867,67.99063597,Su2,,Su2,,Sl2,,6.842297824,0.123407141,1.971990388,0.113705429,7.32575145,0.103663787,6.5,2.4,1.4,1.5,1.7,1.7
852006.0114,5836288.007,90,4.210173359,15.94423108,79.84559556,5.519976279,15.52527987,78.95474385,9.11625892,34.4887913,56.39494978,Su2,,Sl2,,Sl3,,8.685170226,0.136335805,4.731530898,0.120944958,5.801935729,0.098515568,1.1,2.2,1.1,1.5,1.7,1.7
